WNT,SHH,Group 3,Group 4,WNT and SHH,WNT and Group 3,WNT and Group 4,SHH and Group 3,SHH and Group 4,Group 3 and Group 4
TMED2,DCDC1,SLC6A9,MCF2L,MYO7A,CALR,SLC24A2,CCNC,UBE2L6,SAYSD1
CELF6,C12orf29,LNP1,KIAA1549,NTN1,TMEM64,PCSK1N,NSMCE2,TBC1D2B,MFSD11
AC092675.3,SPATA2L,SLC8A1,RNF144A,HSCB,BET1,ABCC8,CDCA7,PSD3,PTPRO
CBLN2,CLIP2,SLC35F3,SLC31A1,EPHB4,CRADD,ADCYAP1R1,HDDC2,MARCKS,SLCO5A1
SCARF2,WDFY4,TGFB3,SCRN1,RHOBTB3,BSG,CLCN4,FBXO16,PAK3,LYRM2
INADL,PLD2,AC016559.1,MSRB2,CTNNA2,STX3,NUAK1,PPIL6,CELF2,GPR153
RGN,FREM1,EYS,PRDM2,RNASE4,ZFPM2,TLE1,NT5DC1,ATCAY,UBE2J1
SERPIND1,BTBD3,PDHB,PRKX,IQCJ-SCHIP1,SND1,HPCAL1,FOXO6,APC2,CAMSAP3
TMEM158,CCNB1,ELL2,IGF1R,STK3,BMF,TRPM3,TMEM243,KIAA1549L,SNX11
TTC6,STAC,FLAD1,STOX2,GPR56,EOGT,ST8SIA2,,NTN4,FGFR1OP
CYB561,ZNF43,LMO1,LARP1B,SLC9B2,GORASP2,SCN2A,,TUBB3,KLHL29
TSPAN8,RAB26,ASS1,ASAP2,BTG2,TAL2,ABHD4,,SH3GL2,SMIM11
DSP,RAP1GAP2,HTR1A,KIF1B,AL163636.6,JTB,MOBP,,KCNMB4,PPM1D
GPR161,ABCB9,HCN2,MAP2,PLCB4,FAM84B,CXADR,,SPECC1,GTPBP10
CDC42EP3,EIF2A,FGFBP2,PDE4D,THBS3,SLC30A5,NEUROG1,,CAMK2N1,LHX4
ST6GAL2,LGR4,FAM89A,SNCAIP,RBP1,EPHA2,TTC9,,PELI2,PIEZO1
C11orf87,CA14,ST5,H3F3C,OSTC,ZNF385B,,,B4GALNT1,TANGO6
LRRTM1,EHD1,OR2W3,DFNA5,DCTD,STOM,,,ARHGAP21,NME3
MRPL32,DAAM1,FBXL13,SHB,EMILIN1,FAM174B,,,MED12L,PAQR9
BRE,CYYR1,GUCA1C,ANKRD12,KIAA1755,ZC3HAV1L,,,PTPRS,HOMER1
RASL10B,RGS9,HSPB8,CPEB2,RPL36,POLE4,,,NOVA2,CCNE1
RORB,ITGBL1,C11orf96,SLC7A14,CTDSPL,NUBPL,,,ACPL2,KCNB2
GGACT,DRD2,COX7C,AGTR1,TGIF2,RAPGEF5,,,KLF12,IGDCC3
C15orf38-AP3S2,LAMC1,DYRK2,SPATA13,RCBTB2,CERS4,,,CABYR,AHI1
NHS,KRBOX1,CABP2,PDZD4,ANKRD65,MMAB,,,NKAIN1,GTF2I
SIPA1L2,ALDH1L2,DLEU7,TAOK2,WWTR1,NDUFAF5,,,AC004381.6,HDHD2
APMAP,SLC16A9,SORBS2,PPP1R1A,TEAD2,PEX2,,,FANCB,AP1S2
CREB3L2,TCF4,FBXW9,STX1B,NFATC4,AGPAT2,,,,SIK3
GPR124,TCEB2,ETS2,FXYD6-FXYD2,ANXA5,EML4,,,,MAPK6
SLC13A3,KIF21A,C7orf33,TMEM130,METTL7A,TMEM38B,,,,MAP3K13
CCDC88C,MIPEP,ALDH4A1,NPRL2,CCDC109B,,,,,SPRYD7
OPRD1,MICAL1,SLC5A8,PLXNA1,SYT1,,,,,AES
HHIPL2,ISPD,MTRR,PPP1R21,AJUBA,,,,,CBX1
TPO,CEND1,ZNF649,SIX6,SOX9,,,,,SPATA20
SLC35D3,BARD1,JMY,C12orf5,TRMT112,,,,,CITED1
LEPRE1,SIK1,ARHGAP44,SYT16,HSPB2,,,,,ALDH5A1
ILVBL,NTS,C1GALT1,AKT3,CTDSP1,,,,,COX11
TCIRG1,HAPLN3,POLR3G,CDH1,CYBRD1,,,,,KDM1B
THSD1,NDP,WWC1,TCEAL2,ARHGEF10,,,,,CNTN1
P4HA1,FGGY,BCL11B,MYB,PGM2,,,,,PNMAL1
RP11-834C11.12,MRAP2,BCOR,JPH3,PID1,,,,,NAPB
PLEKHF2,NRG3,ARR3,NKAIN3,FOXL2,,,,,CLGN
CPNE9,SMYD2,CMSS1,MSRA,EMP3,,,,,MAPK13
HOXD4,RAI14,IMPDH1,EN2,NR2F1,,,,,MMD
DKK4,SOX13,MAP7,PRKAR2B,TFF3,,,,,MUT
EVI2A,PDE1A,UGCG,PCDHB7,PHGDH,,,,,GLT1D1
THSD7A,FGF5,N4BP3,GAB2,C11orf54,,,,,SRRM4
DERL1,NOTCH1,UCHL3,HECA,AKAP6,,,,,IQCE
AC096677.1,BCL2L11,DOCK9,SLC24A4,MSN,,,,,KLF11
RIN1,EDA2R,MAPKAPK5,THBS1,FCHSD1,,,,,ARHGAP15
GDE1,HSPE1,ATP2C1,CPEB4,SUCLG2,,,,,SGMS1
SELENBP1,BCL2,PLA2G4C,CADPS,KCTD17,,,,,SLC25A4
SLIT2,CAV2,WSCD1,NFIB,SYT11,,,,,C19orf77
ZNF503,SLC41A2,RIMS2,CAP2,ARL4C,,,,,RFK
PERP,SERP2,CTD-3214H19.16,FAM110B,TSEN15,,,,,RCAN1
OSBPL3,KCNJ6,WDR62,C1orf204,APOL4,,,,,FOCAD
NIPSNAP3A,SBSPON,GABARAPL1,PPP2R3A,EVC,,,,,SFXN1
LHX8,DDX60,LRRC3,SLC26A11,PDE5A,,,,,LPPR4
SERTAD4,HRK,SLC17A7,AC004017.1,MFNG,,,,,LMBRD1
TMEM45A,ADCYAP1,C14orf144,FBLIM1,SSR2,,,,,EPS8
CAND2,ATOH1,GPR61,DPYSL5,GPC1,,,,,FBXO9
HOXD11,GLRX3,GUCY2D,MYCBP2,TRIP6,,,,,SLC22A23
ONECUT2,KLHL4,NUP93,RP11-508N12.4,TGFB1I1,,,,,HEATR6
PRUNE2,TPBGL,CACNA1G,TP53INP2,RPL15,,,,,FBN3
ARHGAP24,SYNGR3,C1orf173,ASTN2,TMEM123,,,,,RNFT1
CRYZ,SLC36A1,KIAA1107,CTTNBP2,CMTM3,,,,,HLTF
ILDR2,TGFB2,ARHGAP28,SLC12A6,TOM1L1,,,,,REPS1
SYT9,NPTX2,ABCB8,TRIM45,HMG20B,,,,,LSM11
MID1,SOX2,CEACAM21,SYNJ2,ETV6,,,,,CCDC24
NKD1,TBX15,CNTNAP5,SGK223,JOSD2,,,,,PPM1E
SORCS3,KIAA0922,LRRC2,TEX14,PCYT1B,,,,,MMP15
ETV5,RPL7A,TRAPPC5,ISLR2,STK33,,,,,TMEM91
NCMAP,FAM155B,AKIRIN1,PTPRN2,PSMB10,,,,,NLK
HOXD13,CNR1,TULP1,MPPED1,CPED1,,,,,SGK1
ADORA1,LRRC18,MBLAC2,PXMP4,SCHIP1,,,,,C14orf39
PRMT3,IRX1,B3GALNT2,LPHN3,NOTCH2,,,,,ATP6V1H
AMPD3,RPS6KA2,NAA25,RAB12,STAMBPL1,,,,,SLC35F2
PPP1R16B,GINS4,ALKBH3,DTNA,GPR173,,,,,NPEPPS
FUT10,MAN2A1,CRY1,FAM21C,VRK2,,,,,TBC1D8
LDLRAP1,ANKRD6,WASF1,LMX1A,AAED1,,,,,MPC1
PRKG1,FAM126A,PITPNA,OAS3,C3orf72,,,,,CACNA2D1
FUCA2,IL17RB,SSBP3,TMEM108,MAP2K6,,,,,AKR1E2
LRRC16B,ZNF829,DMRTA2,HS3ST2,IL17RC,,,,,PTP4A1
PDGFD,RAB22A,DAP3,DAPK2,C5orf38,,,,,USP32
TMEM100,TRAK1,RGS16,RIC8B,MOB1A,,,,,GRSF1
KRT83,OPRM1,CNGB1,TMEM178B,SMO,,,,,KIAA0101
ASCL5,CLMP,LACTB2,AC012215.1,ZFP36L1,,,,,HOOK1
PHF21B,ATP2B4,NOS1AP,GNA11,RHOB,,,,,NTF3
EMB,TLX3,VSTM2L,RASAL1,CCSER2,,,,,TMEM57
ALX4,FAM110D,NXPH4,TMEM167A,MXI1,,,,,CUL1
ATOH8,ITPK1,FZD8,ENHO,EEF1G,,,,,FBXO6
FAM43A,RARB,GNB5,EPHA5,FLRT2,,,,,KCNA5
EEPD1,A4GALT,ADIPOR2,CIRH1A,ZDHHC13,,,,,FLRT1
PDZRN3,ZNF621,PRPH2,TJP1,SNX5,,,,,RABEP1
DAD1,SHROOM2,AC026703.1,ATP6V0A2,UGT8,,,,,GTF2IRD1
COL23A1,COX4I1,FAM114A2,CELF4,CKLF-CMTM1,,,,,AMN1
C21orf33,PGBD5,JAZF1,GNAQ,GLI3,,,,,RREB1
EMID1,SPATC1L,LRRC34,DTX4,JPH4,,,,,FOXG1
MAPK4,AC011897.1,ZNF154,CMPK2,EVC2,,,,,TLE2
EN1,CEBPA,SPAG6,LRRC7,TEAD1,,,,,TBC1D9
EPHA4,BTBD11,ARNTL,AACS,S100A2,,,,,AMOTL2
NLRP11,NYAP1,BTC,GNA12,,,,,,GPLD1
OSBPL5,PCDH11X,EIF2B3,FLJ30594,,,,,,HCFC2
PRKCA,DRAM2,ART3,ERBB4,,,,,,PDSS2
NGLY1,DAGLA,FGD5,RPH3A,,,,,,USP25
TRIQK,OMD,NUPL2,MAML3,,,,,,OTX2
CCDC8,ECM2,RP1,TMEM30A,,,,,,MAPRE2
SVIL,RBMS3,MCM9,TNRC18,,,,,,TP53RK
JAM3,PLCL1,ARHGAP9,APC,,,,,,SYDE2
SLC7A11,DAPL1,TFB2M,FBXO28,,,,,,DMGDH
CAMK2G,PARP9,ABCG4,SIX1,,,,,,SCMH1
NECAB1,ITGA7,IMPG2,PLCL2,,,,,,KIF21B
PDZK1,BMP5,FAM149A,PDK2,,,,,,TBR1
EDA,RAB20,SLC43A2,PLCE1,,,,,,GRM2
HOMEZ,DNTT,ZBTB9,FAM161B,,,,,,ATF7IP
HOXD8,TSHZ2,SYTL4,DSCAML1,,,,,,PPM1A
TEF,GRIA4,GK5,SPAST,,,,,,EVL
RNF150,ST8SIA1,TTLL5,C10orf85,,,,,,FH
CSF1,CNKSR2,CACNA2D4,FGF9,,,,,,MRS2
FGFRL1,NCAPG,TPD52,CLIP3,,,,,,H2AFY2
AC069368.3,FRYL,DENND1A,ABLIM1,,,,,,MAP10
PLAT,RPA4,CENPW,DLX5,,,,,,SMAD7
ALG2,IFITM10,TRAK2,HERC1,,,,,,DOK6
SHOX2,MTERFD1,NISCH,RGS7BP,,,,,,RERE
LGALSL,LPHN2,PTPN13,ANKRD50,,,,,,FAM69A
ALK,SYT7,NPTX1,ELMOD1,,,,,,PRUNE
DNAJC27,SPC25,SLC35B4,SOX4,,,,,,NDUFA5
PTPN14,KCNG1,PCK2,FAM19A2,,,,,,NCKAP5
ZMAT3,KCNA3,BRIX1,SNAPC3,,,,,,SLMO1
CREB5,NLGN1,FAM169A,SPPL3,,,,,,CDH24
SOX6,MYO3A,ZNF433,GFPT2,,,,,,LYRM5
GPR98,KHDRBS3,KIRREL2,ARHGEF12,,,,,,DEGS1
NPNT,PBX4,STAU2,NFIA,,,,,,CHD3
OBFC1,CPNE2,LIN28B,TMEM255A,,,,,,SIRT4
PAX3,PSME1,EIF1B,KIAA2022,,,,,,ASB8
IQSEC3,DOCK11,RASEF,TMTC2,,,,,,MYRIP
GCNT1,PVRL3,SPR,PHTF2,,,,,,HDHD3
RCN1,PLEKHA6,SDK2,C4orf21,,,,,,KCTD21
PLEKHA7,NLRP1,LRRC3DN,ELMO1,,,,,,BICD1
DEFA5,OPHN1,TFB1M,UNCX,,,,,,MESP1
ITGA6,SWT1,DAB1,GNAL,,,,,,FGD4
ALPL,ACTR3B,CHGA,HOXC13,,,,,,SNTB2
IFI27,BCL11A,VRK1,SNCA,,,,,,EDIL3
DDR2,SYCE1L,TMEM132D,PPM1L,,,,,,SLC6A8
PSAT1,AL354993.1,PCOLCE2,ATP6V1D,,,,,,RTN4IP1
ADAM19,CACNG7,SH3RF1,SLC11A2,,,,,,RASAL2
DNASE2,KCND3,NPR3,TMEM35,,,,,,PTBP2
NTM,MTMR7,TMEM38A,CEP170,,,,,,PNMA3
LAMB1,POU6F2,GSG1,C14orf132,,,,,,
HS3ST3B1,NMU,TCF7L2,SLC6A6,,,,,,
ARAP2,ARHGEF26,MBOAT2,KRAS,,,,,,
NAV3,INSM2,NUDT14,AMER2,,,,,,
RNF183,EP400,ASUN,HRASLS,,,,,,
AVEN,IGFBP5,CCDC177,KBTBD11,,,,,,
TMEM2,RPL14,MAP4,IFFO2,,,,,,
PLA2G16,PCDHB2,B3GALTL,KCTD10,,,,,,
TMEM260,PLEKHG3,ATP7B,EIF4E,,,,,,
DYRK4,CPLX1,KCNMA1,TMEM155,,,,,,
FREM2,NELFCD,IQSEC1,PURB,,,,,,
LGR5,PABPC5,ALS2CR12,CYTH3,,,,,,
MMP28,NGFR,GCLC,CADPS2,,,,,,
EFNA5,FGF14,ARHGAP18,CHGB,,,,,,
SEMA4F,NDST3,GGA2,AKR1C2,,,,,,
MINOS1-NBL1,CTC-360G5.1,GAS2,ENC1,,,,,,
RASSF3,SFRP1,INHBB,B3GAT1,,,,,,
TAF1D,LGALS3,DISC1,SOX11,,,,,,
ENPP6,RPIA,DMD,ROGDI,,,,,,
SMIM4,SIVA1,KRT18,IGSF21,,,,,,
ZIC2,SPHK1,IGF2BP3,PHACTR2,,,,,,
CA11,FBXL16,CMTR1,DROSHA,,,,,,
CDKN1C,PRDM13,EML1,GCNT4,,,,,,
IFT57,RPS8,EXTL3,TMEM161B,,,,,,
SMARCD2,MET,KCNQ3,TMTC4,,,,,,
EML6,MAPKAPK2,CD70,BLCAP,,,,,,
HOXC5,COMMD10,USP49,C1orf115,,,,,,
CDC42EP1,HAS3,UBE2H,PTPRZ1,,,,,,
ETFB,MBNL1,B9D2,AMOT,,,,,,
FBXL7,UXS1,GAS7,TRIM67,,,,,,
CUBN,RASSF9,FAM180B,NCAM2,,,,,,
LACTBL1,FAM84A,RBM23,DIRC2,,,,,,
ST8SIA3,MST4,RCOR1,INPP5F,,,,,,
RSPO1,MPEG1,REL,CELF5,,,,,,
FJX1,RPL21,PPP2R2B,AC008060.7,,,,,,
LDLRAD3,FAM111B,C1orf27,KIAA0319,,,,,,
TMEM196,MCM2,PMEPA1,LRRC4B,,,,,,
GPC6,TNFRSF18,ZNF311,LHX5,,,,,,
NXPH3,COL15A1,TDRD9,DLC1,,,,,,
GNG11,COL5A2,ATP2B3,LONRF1,,,,,,
LRRC55,SLC4A11,IFT43,CCNT2,,,,,,
LEF1,DSCAM,LPGAT1,ATXN7L1,,,,,,
GPX8,TRIM46,SSX2IP,CHN2,,,,,,
GABRD,MS4A4A,YRDC,C2orf69,,,,,,
AC024592.12,NMNAT2,ZNF330,KIAA1468,,,,,,
GAD1,ING5,LDLRAD4,SEMA3D,,,,,,
TYW3,SORBS3,MTFR1,FBN2,,,,,,
LPIN1,AFF3,EGLN3,EOMES,,,,,,
JPH1,UBASH3B,PRKG2,CLK3,,,,,,
KCTD5,RAB33A,TAC1,ITSN1,,,,,,
PTPRN,HELB,PALMD,ESRRG,,,,,,
S100A6,RPL22L1,NKX3-2,DPP6,,,,,,
ACSL6,PLXND1,GLIPR2,CXXC4,,,,,,
MDP1,SPSB4,CABP5,EPG5,,,,,,
SDK1,PPP2R2C,CDKAL1,GPR21,,,,,,
PRICKLE1,QSOX1,PDC,DDX31,,,,,,
CDC34,AIFM1,ERI1,SMOC1,,,,,,
EBF2,F3,RP11-176H8.1,LONRF2,,,,,,
FSTL4,FAHD2B,C2orf71,DNAJB6,,,,,,
NAV2,PRKCB,ZFHX4,BRAP,,,,,,
CRB2,ZNF93,IGF2BP1,NAB1,,,,,,
ERO1LB,MRPS12,PRICKLE2,HECTD4,,,,,,
HOXD10,DUSP11,BNC2,KL,,,,,,
GALNT15,SHANK2,LRP2,EEFSEC,,,,,,
CRLS1,GBP1,GABRA5,PITHD1,,,,,,
CNGA3,STK10,EYA2,DACH1,,,,,,
ARHGAP22,SLC4A8,RNASEH2B,CARD10,,,,,,
TGIF1,PREX1,TGFBR3,DCX,,,,,,
LGI2,FAXDC2,TNFRSF11A,PLXNA2,,,,,,
NACC2,MAP3K1,USH2A,NSG1,,,,,,
CLYBL,CHPT1,CSRNP3,HIST1H2BE,,,,,,
SCARA3,PTGDS,C5orf22,KIAA1598,,,,,,
KAZN,SLC6A15,TLN2,ASXL3,,,,,,
LZTFL1,TWF2,INPP5K,CRY2,,,,,,
S100A13,PTPRK,USP2,PDE7B,,,,,,
SFMBT2,DPF3,CAV1,TMEM117,,,,,,
ST3GAL4,ZC3H12C,MED8,FOSL2,,,,,,
ZNF576,UBE2QL1,SMYD3,TAOK3,,,,,,
SPATA18,ZNF90,TTYH3,LRCH1,,,,,,
RAB3IL1,SPOPL,SEPHS2,TFAP2D,,,,,,
NPS,TBX18,IRX6,RFXAP,,,,,,
ARHGAP32,TEX15,TSHZ3,ANKFY1,,,,,,
PACSIN3,POU3F3,LAPTM4B,SYCP2,,,,,,
C9orf3,SLC2A3,MAP3K4,BRINP1,,,,,,
IFI27L2,SLITRK2,DTD2,CDH23,,,,,,
NECAB2,KRT31,DENND2C,NNAT,,,,,,
PRPH,EMILIN3,RP11-565P22.6,KIAA1586,,,,,,
PTBP3,RASGEF1C,PTDSS1,RPGRIP1,,,,,,
SYT14,GNAS,VASH1,IGSF3,,,,,,
CALHM2,METTL9,PAPPA2,SLFN5,,,,,,
PKP2,HIVEP2,FKBP5,DAPK1,,,,,,
SUSD1,EPB41L4A-AS2,RASGRF2,TMCC3,,,,,,
RUNX2,MZT2A,TRIM58,RASSF4,,,,,,
LRRC3B,PRDM8,VPS13A,NRXN2,,,,,,
XXYLT1,GAS1,BCMO1,HIST1H4F,,,,,,
EXT1,KCND2,ASAP1,SCRT2,,,,,,
LINGO1,ZNF486,PGK1,GPM6A,,,,,,
TMEM9,TMEM144,FAM184A,SHANK1,,,,,,
ALDH1L1,BBX,ACTR1B,FAM222A,,,,,,
RASL11B,IQSEC2,FAM19A4,MAPK14,,,,,,
GSS,PODN,HLX,SYT6,,,,,,
HTRA3,MDFI,ENAH,EPHA6,,,,,,
CALD1,ZNF395,TRAF3IP2,NCOA7,,,,,,
KREMEN1,INSM1,TAP1,C12orf49,,,,,,
TRAM2,ZNF277,AGBL1,BMI1,,,,,,
COL8A2,NTNG2,CDK7,CUX2,,,,,,
DLX4,LPP,SBK2,CSRP2,,,,,,
VLDLR,FILIP1L,DCT,CACNB3,,,,,,
NXN,RP11-830F9.6,GTF2F2,ENOX1,,,,,,
KIF7,GNB2,LRAT,ELOVL5,,,,,,
ACE,KIF26A,MALSU1,C1orf61,,,,,,
ZNRF2,ROBO2,AFF1,ST6GAL1,,,,,,
LRRN1,RPL37A,CRX,C11orf63,,,,,,
BRD7,GCK,TRIB1,SLC8A3,,,,,,
VWDE,AL009178.1,TDRP,TBC1D12,,,,,,
PTPRD,KLF13,ZADH2,CA4,,,,,,
SP5,NPM1,RPP25,MEIS3,,,,,,
TRIB2,NCALD,SLC13A4,GDF7,,,,,,
MBP,CLDN4,SMAD9,KLHL22,,,,,,
ROR2,CXorf57,TACR3,LOH12CR2,,,,,,
PDGFC,NGEF,OMA1,MTSS1,,,,,,
MFHAS1,TCEAL7,GLB1L2,LPAR4,,,,,,
BAMBI,TRPS1,DNAJB2,CTNNBIP1,,,,,,
MYADM,HIST3H2A,HAX1,ABRACL,,,,,,
NFYB,LRP5L,RRP9,H2AFV,,,,,,
SLC35F1,PSRC1,COL27A1,C4orf33,,,,,,
CYB5R2,SLC45A1,APBB2,SLC16A14,,,,,,
FCGRT,SYPL1,C7,TRPC5,,,,,,
SYK,IL17RD,CLIP4,PPP1R12B,,,,,,
TBX2,UNC5C,ERI3,ARID5B,,,,,,
SLFN11,TMEM121,FEZ2,GOLGA8B,,,,,,
PIEZO2,SNAPC1,MYC,HINT3,,,,,,
TMEM74B,CSNK1E,MPP4,FER,,,,,,
C19orf81,CTC-786C10.1,SPATS2L,CCNH,,,,,,
AKAP12,LHFPL2,C1D,MAP3K2,,,,,,
DDC,COL25A1,CAMK2D,BHLHE22,,,,,,
TNFRSF19,HIVEP3,PARP12,LPPR3,,,,,,
PLTP,TEX9,CCT5,DIRAS3,,,,,,
TNFRSF11B,FAM198B,ZSCAN12,RFX3,,,,,,
RTKN,GPX7,FBXL17,RADIL,,,,,,
SUMF1,RP11-383H13.1,MYLIP,CDYL2,,,,,,
COL13A1,TMEM98,PCSK2,SPOCK2,,,,,,
FBXO32,EGFR,RP11-1085N6.3,CTD-2116N17.1,,,,,,
SEL1L3,RPL4,AKNA,GSG1L,,,,,,
AK5,PARP4,FRMPD1,KCNA1,,,,,,
PTGFRN,XRN2,HKR1,ATP9A,,,,,,
SRGAP2,C11orf70,LCORL,KLHL13,,,,,,
NOG,FAT1,SMARCD3,LMBRD2,,,,,,
WNT16,MED10,SEMA3C,SLFN13,,,,,,
FGF20,MANEA,ACADS,TMEM163,,,,,,
RTTN,HIST3H2BB,RAD54L2,TRIM24,,,,,,
SPRY2,CATSPERG,ELSPBP1,DTX1,,,,,,
PAPSS1,EEF1B2,FBXO10,NAA35,,,,,,
PCSK9,CSMD1,PDE6H,BEGAIN,,,,,,
SHISA4,LRRC16A,PROSER2,PDS5B,,,,,,
SLC6A1,YBEY,TARS2,PRPSAP1,,,,,,
ADAMTS5,PGM1,KCNH1,NCKAP1,,,,,,
RAI2,ZNF516,LRRC61,ATXN1,,,,,,
PALD1,PAK7,DST,C2orf49,,,,,,
LRIG3,PCYOX1L,PSMA6,SLC25A51,,,,,,
MAF,ADAMTS14,TRPC7,TANC2,,,,,,
YIF1B,TMEM18,MRPS6,UBAP1L,,,,,,
MYO1B,MYD88,ANO2,FHDC1,,,,,,
PDE11A,PHACTR3,RP11-187E13.1,CD200,,,,,,
CRABP2,TMSB15A,VDAC1,GLRB,,,,,,
VIM,CXXC11,XK,NCOA4,,,,,,
GALNT10,H2AFZ,SERTAD3,KRT222,,,,,,
CLU,MYOCD,ZNF491,LYRM9,,,,,,
IGSF11,UNC13C,KCNC4,MAPK8IP1,,,,,,
CACNA1D,LZTS3,MAB21L2,OSBPL11,,,,,,
HDLBP,ING1,IQCK,PGBD4,,,,,,
TSPAN9,CECR2,LARGE,CERS1,,,,,,
FGFR1,TFDP2,AP000783.1,ST3GAL6,,,,,,
CCL3,MID1IP1,MOK,CTD-2162K18.4,,,,,,
NPTN,TCF12,PNO1,LBX1,,,,,,
AMHR2,C1QL1,TMEM244,C7orf13,,,,,,
GALNT7,PDE10A,GABRG2,RELN,,,,,,
GADD45A,CHSY1,IK,GNAZ,,,,,,
SP9,BARHL2,ERLIN1,NETO2,,,,,,
DSE,ALDH1A3,CCIN,TMUB2,,,,,,
FNDC3B,KLF7,ZNF77,AIF1L,,,,,,
PLEKHO2,FAM213B,PRKD3,ABL2,,,,,,
RNF215,YWHAZ,TMEM233,CHRM3,,,,,,
HMCN1,GRHPR,RIOK2,FAM13B,,,,,,
BCAT2,SEC24D,DDX55,TCEAL6,,,,,,
C5orf15,AC005358.1,NLN,FAM65B,,,,,,
PDGFRA,DCN,IQGAP2,LHX2,,,,,,
PIWIL4,FMNL3,LRRTM2,GSPT2,,,,,,
NRCAM,C1orf109,ATP6V1B2,TRAF3,,,,,,
HOXD9,CXCR4,LHX9,GRIN3A,,,,,,
DLX3,TOX3,TPRX2P,MCC,,,,,,
IL1RAPL1,PCBP3,RTN4RL1,GPR52,,,,,,
PLIN3,MYL7,C14orf79,KIAA0232,,,,,,
SIL1,PFDN5,GALP,KLHL36,,,,,,
IRX2,GDAP1L1,DLGAP2,PTPN5,,,,,,
FAT3,RPS5,SHROOM3,PAG1,,,,,,
NKD2,CYP11A1,STRADB,RHEB,,,,,,
ENTPD8,DTWD1,ZNF814,BTN2A2,,,,,,
NUDT2,GCNT2,SAMD3,TMEM240,,,,,,
VSTM2A,ELN,FAM183A,IGSF1,,,,,,
CHST8,FHL2,ACVR2A,RAB6B,,,,,,
FOXD1,MC5R,NDUFAF2,C3orf70,,,,,,
HOXA13,SPHKAP,SNX25,TENM4,,,,,,
GALNT14,SH3BGRL,PHYHIPL,THAP7,,,,,,
HECW1,ADAMTS6,C21orf90,KIAA1211,,,,,,
CDC14A,GNG3,XPO4,FRS2,,,,,,
FAM131A,MYCL,SLC29A4,NSFL1C,,,,,,
VWA5B2,CRIP2,TMSB10,AL117190.2,,,,,,
FAM196A,ARAP3,GNGT1,SNX16,,,,,,
ADAMTS20,FHL1,CASZ1,MYO10,,,,,,
FZD6,KCNT2,ARL6,CACNA1C,,,,,,
MKX,TSPAN18,FCER2,RUNDC3B,,,,,,
ATF3,HJURP,RIMBP2,CCSER1,,,,,,
COL4A5,PPARGC1B,NEFM,CADM4,,,,,,
PCDH8,SPNS2,RGS6,NIM1,,,,,,
COLGALT2,PDPN,CDH8,PARD3,,,,,,
IL17D,SATB2,SUMO3,DPYSL3,,,,,,
RNF170,DBF4,HIP1,IDS,,,,,,
KANK1,TFAP4,PARD6B,PRKACB,,,,,,
DSC2,MTCH1,RP11-127H5.1,MEIS2,,,,,,
CYP39A1,POU3F2,YIPF5,SH3PXD2A,,,,,,
ATP8A2,SH2D3C,ZNF703,SH2B2,,,,,,
RAMP3,IGLON5,PLSCR2,STK32C,,,,,,
C1orf74,CPQ,DENND1B,NMNAT3,,,,,,
AP3S2,ROBO1,SLITRK1,CBLN4,,,,,,
APP,TRIB3,ANKRD33B,NR3C2,,,,,,
NGF,MPG,HMGN5,SP2,,,,,,
GOLGA7B,WDR72,ETV1,CHL1,,,,,,
RORA,PLCXD3,SNRPC,MTUS1,,,,,,
ACCS,BTBD17,OSBPL6,DLG5,,,,,,
PLXDC1,KCNJ4,BACE1,TLL1,,,,,,
HRASLS5,BVES,LRGUK,LINGO2,,,,,,
AIP,SH3BGRL3,PRKAA2,GRIA2,,,,,,
FAM179A,FOXP1,FGFBP3,TMEM132E,,,,,,
PGM5,CPM,GLCCI1,NRN1,,,,,,
TF,C16orf89,LRRC39,NBEA,,,,,,
DCUN1D3,GLI1,NSG2,KLHDC10,,,,,,
EPHA7,SSBP2,TRIM36,FREM3,,,,,,
GLT8D2,GPRC5C,NUP205,HAGH,,,,,,
ZCCHC24,ARID5A,CCPG1,GTF3C4,,,,,,
GCDH,MIIP,NANOS1,RPRD1A,,,,,,
NUDT16,FOXS1,TMEM183A,EPHB1,,,,,,
SLC7A8,LSM6,PFKL,PAFAH1B1,,,,,,
ZDHHC2,PBX1,PVRL1,ABL1,,,,,,
EFNA4,B4GALT5,RD3L,FAM101A,,,,,,
ZNF804B,PRIMA1,PTPRF,DEF8,,,,,,
EFHD2,BCL6,ISL2,OPA1,,,,,,
SVEP1,TBCB,MACROD2,GLTPD1,,,,,,
TMEM206,HMGCLL1,FSTL5,DNM3,,,,,,
CACNA1S,ADAM23,PTP4A3,GDF1,,,,,,
FZD10,FANCL,ABT1,PITPNM3,,,,,,
GLCE,TSPAN12,REEP1,APAF1,,,,,,
OBSL1,CNTN2,GHR,AFF2,,,,,,
ADAM12,LRRK1,ANKRD37,BRI3BP,,,,,,
ECEL1,ST8SIA5,PYY,MACF1,,,,,,
DACT1,PROX1,ZNF736,SDC3,,,,,,
KCNIP1,RPS27A,C14orf23,CCDC97,,,,,,
RGL1,NDUFS4,PRSS12,MYT1L,,,,,,
MEGF6,NEO1,GRAMD1B,RUSC2,,,,,,
DOCK1,IL27RA,PDZD2,TUBB2A,,,,,,
PEX11A,PDRG1,SLC15A4,TNIK,,,,,,
REXO2,RFTN2,RNF2,ELFN2,,,,,,
KCNH5,KLF6,FRY,ANKS1B,,,,,,
RHOU,ANXA1,PYROXD1,EXOC6B,,,,,,
E2F7,MMP16,ZBED6CL,PGS1,,,,,,
MATN4,TCP10L,WBP11,RAD52,,,,,,
SNTG1,ZNF765,CRHBP,GTDC1,,,,,,
PRSS56,MGP,FZD1,SYNRG,,,,,,
MT3,CALN1,FAM135B,TMEM132B,,,,,,
COL2A1,ADK,PSMB5,CHST1,,,,,,
KCNA2,ROR1,DYX1C1,DYNC1I1,,,,,,
PTN,SCPEP1,C7orf73,NRG2,,,,,,
MYOT,HSPA12A,RASGEF1B,TBCCD1,,,,,,
ADAM11,SULT1C4,PROM1,RPRD2,,,,,,
COL5A1,ABTB2,LMNB1,DDX23,,,,,,
ASTN1,GREB1L,CAMKV,SUDS3,,,,,,
INSIG2,APIP,MOCS2,PTGER2,,,,,,
PCCA,WEE1,TBX3,DGKB,,,,,,
TMED3,DCC,RD3,RRAS2,,,,,,
SOX7,RPS6KA6,ERMAP,SETMAR,,,,,,
CA10,MYO7B,C5orf30,MID2,,,,,,
EPHA3,RND3,TEAD3,MLLT3,,,,,,
EGFLAM,PTCH1,CBLB,APBA1,,,,,,
MMP14,EYA1,RALGPS2,SMG8,,,,,,
MSX2,LNX2,PSMD14,TWF1,,,,,,
FBLN1,RPL7,HEATR5A,RHBDL3,,,,,,
TMEFF2,SRGAP1,EPHA8,TPBG,,,,,,
MEST,HHIP,RPRM,NHLRC1,,,,,,
DLG1,OXSR1,RRP15,TNRC6C,,,,,,
ADAMTS1,ITPR3,RXRG,PPAPDC1A,,,,,,
HSPB1,SEPTIN11,C1QTNF4,IPCEF1,,,,,,
SKP2,PALM,APCDD1L,C1orf216,,,,,,
OSR2,GABRA2,PROKR2,LHX1,,,,,,
ERICH2,TGDS,SLITRK3,PRKRIP1,,,,,,
CRYL1,ERF,BSPH1,SBP1,,,,,,
RAVER2,CYFIP1,DIRAS2,KALRN,,,,,,
BMP7,PPM1H,WASF3,MED7,,,,,,
GXYLT2,CALCB,EFHC1,RSPO2,,,,,,
TMEM215,ZEB1,TRIP10,TRIM39,,,,,,
TSC22D2,BOC,HMGA1,CCDC171,,,,,,
CDPF1,NFATC1,LPPR1,CCDC120,,,,,,
SCUBE1,ZNF85,PTPRU,EFNB1,,,,,,
MARVELD1,CDH7,MRPS18A,NFE2L3,,,,,,
FRMPD2,GAB1,POTEF,ALS2,,,,,,
DSCR8,SACS,DGKI,RASSF8,,,,,,
YAP1,SLC35D2,CSTF3,DCBLD2,,,,,,
UST,TCERG1L,XKR9,GRIK4,,,,,,
RAB11FIP2,NTRK3,ARL4D,C16orf95,,,,,,
CD58,MDFIC,WDR31,RYBP,,,,,,
FUT5,RBMS1,CLIC6,GNG2,,,,,,
CCBE1,PDE3A,KCTD6,RBFOX2,,,,,,
DPM3,COL21A1,FANCF,CITED2,,,,,,
FGF18,NABP1,CPPED1,FAM181B,,,,,,
TMEM151A,CCND1,MCF2L2,GPSM1,,,,,,
SH3D19,CEBPB,PPP3R1,AP5M1,,,,,,
PTPRT,PCNXL2,CNGB3,GLRA2,,,,,,
SNPH,UCHL1,LPPR5,MB21D2,,,,,,
TENM3,PUS1,CDC40,CDK14,,,,,,
FGFR2,CHRNA5,KANSL2,ARID2,,,,,,
C20orf196,COL3A1,AZIN1,FBXO11,,,,,,
XBP1,ITPA,ZNF397,GPR27,,,,,,
CDKL1,EBPL,MC4R,NUDT4,,,,,,
SNX21,MYOZ3,SV2C,PDE1C,,,,,,
NYNRIN,RPL18,CNNM4,PTHLH,,,,,,
STX1A,SRI,PPTC7,KCNIP2,,,,,,
BMP2,ABCB4,SST,KCNH7,,,,,,
CADM1,ADAMTS12,MARCH1,CDH18,,,,,,
RERG,IRAK3,ARID3B,SH3GL3,,,,,,
SHC1,EXOC2,UBE2F,TOR3A,,,,,,
NENF,IGFBP6,MARS,UNC5D,,,,,,
XYLT2,RAB36,NANS,SNN,,,,,,
ZFHX3,RPL19,PIGH,FOXP2,,,,,,
EPDR1,METRN,MSH3,NPR2,,,,,,
ZIC5,ABLIM3,,ADCY1,,,,,,
PRRT3,FUT8,,BBS2,,,,,,
CACHD1,FRMD4A,,RP11-247C2.2,,,,,,
EMC1,DZIP1,,BTBD9,,,,,,
GALNT12,PGAM2,,CHST12,,,,,,
TSPAN5,PLCH1,,PGAP1,,,,,,
ALCAM,ADAMTS15,,DLGAP1,,,,,,
STK17A,PALLD,,PEX5L,,,,,,
CACNA1A,MMS22L,,CEP120,,,,,,
WFS1,PIRT,,RALYL,,,,,,
PLEKHH2,GMPS,,MED13L,,,,,,
NTRK1,HIST1H1D,,DCLK1,,,,,,
HK2,RP11-680G10.1,,COMMD3-BMI1,,,,,,
CEP112,RGMB,,TMEM86A,,,,,,
CCDC3,TTLL1,,C3orf58,,,,,,
FAM13C,SMOC2,,FMN2,,,,,,
PCSK1,CRB1,,BCAS3,,,,,,
CAPN2,PRLR,,PCDHB8,,,,,,
DNMBP,PAX6,,TMEM132A,,,,,,
CAST,NDUFS5,,SLC6A3,,,,,,
SERINC5,OGN,,CLIP1,,,,,,
KCTD16,PRKD1,,KLHL5,,,,,,
HOXC4,ZNF286A,,SNRK,,,,,,
S100A16,FARP2,,KIAA1239,,,,,,
ARHGEF28,EFNB2,,SAP130,,,,,,
AHCY,SDC2,,KCNH8,,,,,,
LRRC10B,FAM43B,,PHYH,,,,,,
MYH15,PTPLA,,SDSL,,,,,,
IFNLR1,DGKQ,,MRM1,,,,,,
PRMT8,AASS,,SBK1,,,,,,
SLC25A21-AS1,BNC1,,PDE4B,,,,,,
PCGF5,NUAK2,,PNMA1,,,,,,
TNC,PDLIM3,,SLC9A7,,,,,,
FRMD6,ASPDH,,MAGI3,,,,,,
TVP23B,MZT2B,,ST18,,,,,,
CLDN11,PCNT,,CMC1,,,,,,
UBE2E2,PAWR,,EPAS1,,,,,,
KIAA1199,COL8A1,,ACVR1,,,,,,
TNNC1,GLI2,,HIRIP3,,,,,,
PPFIBP2,PDE7A,,ATP6AP2,,,,,,
NKX6-1,TLR9,,KIF1A,,,,,,
SYNDIG1,EPB41L4A,,TET1,,,,,,
COL12A1,SRL,,ANKRD30B,,,,,,
VGLL4,TRIM71,,NALCN,,,,,,
ERP44,RPGRIP1L,,MARK4,,,,,,
SIX5,PLXNC1,,SULF1,,,,,,
CCDC181,GRIN2A,,BEX5,,,,,,
C1orf95,ATP2A3,,CAMTA1,,,,,,
SEMA6D,C7orf31,,CNTNAP2,,,,,,
PCDH1,NLGN4X,,PCDH17,,,,,,
FBXO17,FLNB,,RALGPS1,,,,,,
SHISA2,SLC44A3,,SPTAN1,,,,,,
HS3ST1,FAM155A,,TTC3,,,,,,
SLC4A4,FABP7,,KAT2B,,,,,,
PITX1,PRKAG2,,IL13RA2,,,,,,
CCNJL,DIAPH2,,SHISA9,,,,,,
ESPNL,GYPC,,SMPD3,,,,,,
FAM172A,GRID1,,PNMAL2,,,,,,
ABCD2,C6orf123,,CGGBP1,,,,,,
BTD,GLTSCR2,,RC3H1,,,,,,
CACNG5,FLNC,,NHSL2,,,,,,
SGSM1,NIPA2,,MLLT4,,,,,,
CHRM4,TMEM229B,,SDCCAG8,,,,,,
CD44,MYO16,,CRTC3,,,,,,
SMIM19,EIF3H,,FXYD6,,,,,,
FZD2,ADCY8,,GFRA2,,,,,,
MAML2,CCNI,,KIAA0930,,,,,,
TMEM99,MCCC1,,PLCXD2,,,,,,
STC1,SEMA4C,,SYNE2,,,,,,
VIT,PPFIBP1,,NANOS3,,,,,,
S100A11,FUT9,,GREM2,,,,,,
LURAP1L,GRIK3,,CCND2,,,,,,
TAF12,KIRREL,,CELSR2,,,,,,
NPFFR1,ESRRB,,KCNIP4,,,,,,
MYO5B,MMP17,,SNX10,,,,,,
RNF43,CHDH,,PDE9A,,,,,,
SERPINH1,GLDC,,PAPPA,,,,,,
SLC39A8,MND1,,ADCY5,,,,,,
TWIST2,BUB1,,AKR1C1,,,,,,
GPR19,GPR85,,FGF13,,,,,,
MRPL52,POLR1D,,TSPAN2,,,,,,
TST,ATG10,,SEMA3A,,,,,,
AUTS2,MRPS22,,KCTD8,,,,,,
PHLDB2,STAM,,MAGI2,,,,,,
RNF112,TTBK1,,B3GNT8,,,,,,
MMP2,CMIP,,METTL2B,,,,,,
CYBA,VSTM4,,NIPAL3,,,,,,
STIM2,HDAC4,,SLC9A6,,,,,,
WNT11,STX8,,SYT13,,,,,,
ZMAT4,KRT17,,ABHD17C,,,,,,
ZNRF3,ESR2,,SIM1,,,,,,
FBXO4,FAM198A,,FNBP1,,,,,,
AC007405.2,HS3ST5,,ABCC9,,,,,,
ANXA6,ARHGAP11B,,MKLN1,,,,,,
COTL1,FAM19A5,,LRRC38,,,,,,
PIGU,METTL1,,MAB21L1,,,,,,
GABRE,PLEKHG4B,,BTRC,,,,,,
TGFA,ELAVL4,,EXPH5,,,,,,
DSCR4,EXOC3L1,,MGAT5,,,,,,
MPP1,BOK,,PGRMC2,,,,,,
CCDC80,MPST,,PHF17,,,,,,
CCDC36,SCG5,,SYT4,,,,,,
CNTN6,CRISPLD2,,NOVA1,,,,,,
PDIA2,DOCK10,,TRMT11,,,,,,
RSRC1,L3MBTL4,,SPIRE1,,,,,,
BMP4,PTX3,,CNPY1,,,,,,
LRP8,PBX3,,KCTD1,,,,,,
NTPCR,UTP14A,,RAB9B,,,,,,
NBL1,SEMA6A,,MSI1,,,,,,
IRX5,THG1L,,GPR139,,,,,,
TMEM165,SERINC2,,LRIG2,,,,,,
DNAJC10,STK25,,POU2F1,,,,,,
TMEM132C,LINC00632,,CSPG5,,,,,,
STC2,DERA,,SCN3B,,,,,,
GAP43,PABPC1,,DOCK3,,,,,,
LMO2,ATP1B3,,DPYSL4,,,,,,
P2RX6,RPL34,,MYO5A,,,,,,
PLCB1,PPP1R17,,NRF1,,,,,,
BIRC3,EPB41L4B,,PTEN,,,,,,
RNF212,NTAN1,,HCRTR1,,,,,,
PTPRH,KCNK12,,RGS7,,,,,,
C8orf56,SLC8A2,,SLC16A7,,,,,,
OXSM,KRT19,,RBM24,,,,,,
SMAD3,NOX4,,PIK3C3,,,,,,
SEC61B,THEMIS2,,ACHE,,,,,,
MEIS1,TTC9B,,DLG2,,,,,,
STON2,CACNG4,,PTCHD2,,,,,,
FBN1,LTB4R,,CRMP1,,,,,,
MFAP4,ARHGAP11A,,SLC35G1,,,,,,
COL6A3,INPP4B,,KCNJ11,,,,,,
IRF8,TRHDE,,NOL4,,,,,,
ACKR3,GTF3A,,BARHL1,,,,,,
CTSH,PDE3B,,QSER1,,,,,,
HUNK,PRKCZ,,ERC1,,,,,,
S100A4,HS6ST1,,ELAVL2,,,,,,
SOCS6,DMRTA1,,DLG3,,,,,,
ATP8A1,WNT5A,,RALBP1,,,,,,
TLR2,,,C8orf48,,,,,,
ARL6IP4,,,ARHGEF10L,,,,,,
DNAH2,,,CHRD,,,,,,
PKP4,,,CPNE4,,,,,,
HAND2,,,PER2,,,,,,
EHD3,,,SLC10A4,,,,,,
GRB10,,,KCNK2,,,,,,
TSPAN3,,,TOX,,,,,,
C9orf9,,,SAMD14,,,,,,
HSD17B14,,,TAL1,,,,,,
PITPNM2,,,MARCH8,,,,,,
PRDM1,,,TSHZ1,,,,,,
RAB11FIP4,,,SHD,,,,,,
LRP4,,,FGF12,,,,,,
FAM211A,,,TRIM9,,,,,,
PAQR8,,,FIBCD1,,,,,,
TENM2,,,L3MBTL3,,,,,,
C18orf42,,,RIMS4,,,,,,
MARCH11,,,PARP16,,,,,,
GMPR2,,,BACH1,,,,,,
GNAI2,,,RGAG4,,,,,,
SCARA5,,,SYCP1,,,,,,
SV2A,,,NPY1R,,,,,,
TM2D1,,,PRX,,,,,,
KLF15,,,MMD2,,,,,,
CTNNAL1,,,RAPGEF1,,,,,,
PVR,,,CDKN2B,,,,,,
KIRREL3,,,B4GALT6,,,,,,
TSPAN11,,,PHACTR1,,,,,,
PAM,,,TP53BP2,,,,,,
MYO3B,,,NDN,,,,,,
ADAMTSL1,,,FAM185A,,,,,,
KCNG4,,,TCEAL5,,,,,,
BCAR3,,,SLIT3,,,,,,
PRELID2,,,FEZF1,,,,,,
ARHGAP5,,,RDH10,,,,,,
LGI4,,,ATP6V0E2,,,,,,
PKDCC,,,MYO6,,,,,,
ITGA8,,,SORBS1,,,,,,
PSMG1,,,PXK,,,,,,
DOK5,,,C13orf45,,,,,,
TMEM261,,,C14orf37,,,,,,
APCDD1,,,KHDRBS2,,,,,,
LMCD1,,,GPR12,,,,,,
MRVI1,,,PIP4K2A,,,,,,
ANXA2,,,SYNPR,,,,,,
AC010441.1,,,KCNN1,,,,,,
TNFRSF21,,,EBF1,,,,,,
PMP22,,,RP11-159G9.5,,,,,,
GAREM,,,TMEM150C,,,,,,
BHLHE40,,,GRM8,,,,,,
SYT2,,,,,,,,,
FZD7,,,,,,,,,
EMX2,,,,,,,,,
CD226,,,,,,,,,
LRTM1,,,,,,,,,
SIRPA,,,,,,,,,
ITGA9,,,,,,,,,
SWI5,,,,,,,,,
TBC1D30,,,,,,,,,
SGCD,,,,,,,,,
ZHX2,,,,,,,,,
MEGF11,,,,,,,,,
NTN5,,,,,,,,,
TGFBI,,,,,,,,,
TMPRSS9,,,,,,,,,
KCNK3,,,,,,,,,
BACH2,,,,,,,,,
PYGL,,,,,,,,,
TRABD2A,,,,,,,,,
GALNT18,,,,,,,,,
ARHGAP20,,,,,,,,,
CHST11,,,,,,,,,
RGS17,,,,,,,,,
MAN1C1,,,,,,,,,
SLC12A2,,,,,,,,,
TPM1,,,,,,,,,
OLFM1,,,,,,,,,
MAGEC3,,,,,,,,,
CTNNA1,,,,,,,,,
ATG13,,,,,,,,,
HIBADH,,,,,,,,,
PTGS1,,,,,,,,,
IQCA1,,,,,,,,,
NRTN,,,,,,,,,
CNTN5,,,,,,,,,
COLEC12,,,,,,,,,
GJA3,,,,,,,,,
TH,,,,,,,,,
LRRC53,,,,,,,,,
TMEM51,,,,,,,,,
FOXF1,,,,,,,,,
PRRX1,,,,,,,,,
KLHL42,,,,,,,,,
TRIM5,,,,,,,,,
