"% Associated Genes","% Common Gene","%Genes Cluster #","All Associated Genes","Associated Genes Found","CEREBRAL_DOWNSTRAM_INFO","CEREBRAL_DOWNSTRAM_INFO_ALL","CEREBRAL_LOCALIZATION_INFO","CEREBRAL_LOCALIZATION_INFO_ALL","Cluster","Common Genes","ENSEMBL_GENE_ID","GeneType","GOGroups","GOLevels","Group PValue","Group PValue Corrected with Bonferroni step down","ID","Input Gene ID","name","Nr. Genes","Ontology Source","OverViewTerm","selected","shared name","Term","Term PValue","Term PValue Corrected with Bonferroni step down","UniProtKB_AC","UNIQUE_ID"
"7.8947367668151855",,,"[ADAM17, AKT1, APC, BCCIP, BLM, CCNB1, CCND1, CCND2, CCND3, CCNY, CDK5RAP1, CDKN1B, CDKN2A, CDKN2B, CDKN2C, CDKN2D, EGFR, GTPBP4, HEXIM1, HEXIM2, HHEX, INCA1, LATS1, LATS2, MEN1, MYOCD, NR2F2, PDGFB, PKD1, PKD2, PLK1, PRKD2, PROC, PROX1, PSMD10, PTEN, RGCC, TFAP4]","[CCND3, CDKN1B, CDKN2C]","","","","","","","","","[Group5]","[5, 6, 7, 8, 9, 10, 11]","{Group5=3.370375500261718E-4}","{Group5=0.0023592628501832025}","GO:0000079","","regulation%20of%20cyclin-dependent%20protein%20serine/threonine%20kinase%20activity","3","GO_BiologicalProcess-EBI-UniProt-GOA-ACAP-ARAP_25.05.2022_00h00","FALSE","false","regulation%20of%20cyclin-dependent%20protein%20serine/threonine%20kinase%20activity","regulation of cyclin-dependent protein serine/threonine kinase activity","0.0029591765240669075","0.03551011828880289","","GO:0000079"
"3.076923131942749",,,"[ACTB, ACTL6A, ACTR2, AP5S1, AP5Z1, ARID2, AUNIP, BLM, BRCA1, BRCA2, BRD8, CGAS, CHEK1, DMAP1, EP400, EPC1, EPC2, ERCC4, ERCC5, ERCC6, EXD2, FAN1, FBH1, FIGNL1, FSCN1, FUS, GEN1, HDGFL2, HELB, HELQ, ING3, INIP, INO80, INSL6, INTS3, KAT5, KDM1A, KDM4D, KHDC3L, KLHL15, LOC654780, LRIF1, MAD2L2, MAGEF1, MBTD1, MCM8, MCM9, MEAF6, MMS19, MMS22L, MORF4L1, MORF4L2, MRE11, MRGBP, MRNIP, NABP1, NABP2, NPC1, NSMCE2, NUCKS1, PALB2, PARP1, PARPBP, PIAS4, POGZ, POLK, POLL, POLN, POLQ, POLR1A, POLR1B, POTEF, PPP4C, PPP4R2, PSMD14, RAD51, RAD51AP1, RAD51B, RAD51C, RAD51D, RAD54B, RADX, RBBP8, RFWD3, RIF1, RMI1, RMI2, RNF138, RPA1, RPA2, RPA3, RTEL1, RUVBL1, RUVBL2, SAMHD1, SETD2, SFPQ, SFR1, SHLD1, SHLD2, SHLD3, SIRT6, SLX1A, SLX4, SMC5, SMCHD1, SPIDR, SWI5, SWSAP1, TIMELESS, TONSL, TOP3A, TP53BP1, TRAPPC13, TRRAP, UBE2N, UBQLN4, USP51, VPS72, WAS, WDR48, WRAP53, XRCC1, XRCC2, XRCC3, YEATS4, YY1, ZFYVE26, ZNF365, ZSWIM7]","[BRCA2, ERCC6, POGZ, ZFYVE26]","","","","","","","","","[Group0]","[7, 8, 9]","{Group0=0.017167989545146367}","{Group0=0.017167989545146367}","GO:0000724","","double-strand%20break%20repair%20via%20homologous%20recombination","4","GO_BiologicalProcess-EBI-UniProt-GOA-ACAP-ARAP_25.05.2022_00h00","TRUE","false","double-strand%20break%20repair%20via%20homologous%20recombination","double-strand break repair via homologous recombination","0.017167989545146367","0.034335979090292734","","GO:0000724"
"3.378378391265869",,,"[AEBP1, AHR, AKR1B1, ALX1, AR, AREG, ARNT, ARNT2, ARNTL2, ARX, ASCL1, ASCL2, ATF1, ATF2, ATF3, ATF4, ATF5, ATF6, ATF6B, BACH1, BARX2, BATF3, BCL11A, BCL6, BHLHE40, BHLHE41, BORCS8-MEF2B, BRIP1, BUD31, CASZ1, CC2D1A, CDC5L, CDX1, CDX2, CDX4, CEBPA, CEBPE, CEBPG, CREB1, CREB3, CREB3L1, CREB3L3, CREB3L4, CREBRF, CREM, CRX, CTCF, CTCFL, CYP27B1, DACH1, DAND5, DBP, DDIT3, DEAF1, DLX4, DUX1, DUX4, DUX4L1, DUX4L2, DUX5, E2F1, E2F2, E2F3, E2F4, E2F6, E2F8, E4F1, EGR1, EGR2, EGR4, EHF, ELF1, ELF2, ELF3, ELF4, ELK1, ELK3, ELK4, ELOF1, EN1, ENO1, EPAS1, ERF, ERG, ESR1, ESR2, ESX1, ETF1, ETS1, ETS2, ETV1, ETV4, ETV5, ETV6, ETV7, FOSL2, FOXC1, FOXC2, FOXD2, FOXD3, FOXE1, FOXF1, FOXF2, FOXI1, FOXJ2, FOXJ3, FOXK1, FOXK2, FOXO1, FOXO3, FOXO4, GABPA, GARS1, GATA1, GATA2, GATA3, GATA4, GATA6, GC, GCM1, GCM2, GDNF, GFI1, GRHL1, GRHL2, GRHL3, GSX2, GTF2I, GTF2IP4, GTF2IRD1, GZF1, HAND1, HAND2, HESX1, HEY1, HEY2, HEYL, HHEX, HIC1, HIF1A, HIF3A, HINFP, HLF, HNF4G, HOXA1, HOXA10, HOXA5, HOXA7, HOXB1, HOXB13, HOXB2, HOXB3, HOXB7, HOXC10, HOXC11, HOXC4, HOXD13, HOXD3, HOXD4, HOXD8, HOXD9, HSD17B4, HSF1, HSF2, HSF4, IKZF3, IKZF5, INSM1, IRF1, IRF2, IRF3, IRF4, IRF5, IRF7, IRF8, IRX1, IRX2, ISL1, JDP2, JUN, KCNH4, KCNH8, KCNIP3, KLF10, KLF11, KLF12, KLF15, KLF2, KLF4, KLF5, KLF6, KLF7, KLF8, LEF1, LHX3, LHX4, LITAF, LOC107987484, LOC107987485, LOC107987486, LOC107987487, LRRFIP1, MAFF, MAFK, MAX, MAZ, MEF2A, MEF2B, MEF2C, MEF2D, MEIS2, MELTF, MEOX2, MIA3, MITF, MLX, MLXIP, MLXIPL, MNT, MTF1, MXD1, MXI1, MYB, MYBL1, MYBL2, MYC, MYCN, MYOD1, MYOG, MYT1, MZF1, NACC2, NEUROD1, NEUROG3, NFAT5, NFATC3, NFATC4, NFE2L1, NFIA, NFIB, NFIC, NFIL3, NFKB1, NFKB2, NFX1, NFYB, NHLH1, NKRF, NKX2-5, NKX2-6, NKX2-8, NKX3-1, NKX6-3, NPAS4, NR1D1, NR1H2, NR1H3, NR1H4, NR1I2, NR1I3, NR2C2, NR2E3, NR2F1, NR2F2, NR3C1, NR4A3, NR5A1, NR5A2, NRF1, NRL, ONECUT2, OTP, OTX1, OTX2, PARK7, PAX6, PBX2, PBX2P1, PGR, PHOX2A, PHOX2B, PITX2, PLAG1, PLAGL1, PLAGL2, PLSCR1, POU1F1, POU2F1, POU2F3, POU4F1, POU4F2, POU4F3, POU5F1, POU5F1P3, POU5F1P4, POU6F1, PPARA, PPARD, PPARG, PRDM1, PRDM16, PRDM2, PRDM5, PRKRA, PROX1, PRRX1, PSG1, RARA, RAX, RAX2, RBPJ, REL, RELA, REST, RFX4, RFX5, RFX6, RFXANK, RFXAP, RORC, RREB1, RUNX1, RXRA, RXRB, SALL2, SATB1, SATB2, SCRT1, SCX, SHOX, SIX1, SKI, SKIL, SMAD1, SMAD2, SMAD3, SMAD4, SMIM44, SNAI1, SNAI2, SOX13, SOX18, SOX4, SOX9, SP1, SP100, SP2, SPIB, SREBF1, SREBF2, SRF, SRY, STAT1, STAT3, STAT5B, STAT6, TAF1, TBX2, TBX20, TBX21, TBX3, TBX5, TBXT, TCF12, TCF21, TCF3, TCF7L1, TCFL5, TEAD1, TFAP2A, TFAP2B, TFAP2C, TFAP4, TFDP1, TFDP2, TFEC, TGIF1, THAP1, THAP11, THRA, THRB, TLX2, TP53, TP73, TRPS1, TWIST1, UBA2, UBP1, USF1, USF2, USF3, VDR, VENTX, VEZF1, VSX2, WIZ, WT1, YY1, YY2, ZBED1, ZBED2, ZBTB16, ZBTB17, ZBTB18, ZBTB2, ZBTB21, ZBTB32, ZBTB4, ZBTB5, ZBTB8A, ZEB1, ZEB2, ZFHX3, ZFX, ZGPAT, ZIC3, ZKSCAN3, ZNF140, ZNF143, ZNF148, ZNF175, ZNF202, ZNF217, ZNF219, ZNF224, ZNF239, ZNF24, ZNF263, ZNF281, ZNF300, ZNF350, ZNF395, ZNF512B, ZNF536, ZNF579, ZNF589, ZNF639, ZNF644, ZNF692, ZNF746, ZNF750, ZNF76, ZNF85, ZSCAN21]","[AR, FOXD2, GFI1, GTF2I, MEOX2, MYCN, NKX2-5, OTP, OTX2, POU2F1, REL, SIX1, TCF12, ZBTB16, ZFHX3]","","","","","","","","","[Group4]","[7, 8, 9, 10, 11, 12, 13]","{Group4=1.013092248338137E-6}","{Group4=9.117830235043233E-6}","GO:0000981","","DNA-binding%20transcription%20factor%20activity,%20RNA%20polymerase%20II-specific","15","GO_BiologicalProcess-EBI-UniProt-GOA-ACAP-ARAP_25.05.2022_00h00","TRUE","false","DNA-binding%20transcription%20factor%20activity,%20RNA%20polymerase%20II-specific","DNA-binding transcription factor activity, RNA polymerase II-specific","1.013092248338137E-6","2.5327306208453423E-5","","GO:0000981"
"3.861003875732422",,,"[AKR1B1, ALX1, AR, AREG, ATF1, ATF2, ATF3, ATF5, ATF6, ATF6B, BARX2, BORCS8-MEF2B, CASZ1, CDC5L, CDX1, CDX4, CEBPA, CEBPE, CEBPG, CREB1, CREB3, CREB3L3, CREB3L4, CREBRF, CRX, CTCFL, DAND5, DBP, DDIT3, DUX1, DUX4, DUX4L1, DUX4L2, DUX5, E2F2, E2F3, E2F4, E4F1, EGR1, EGR2, EGR4, EHF, ELF1, ELF3, ELF4, ELK1, ELK3, ELK4, ELOF1, EPAS1, ERG, ESR1, ETS1, ETV1, ETV4, ETV5, FOSL2, FOXC1, FOXC2, FOXD2, FOXF1, FOXF2, FOXI1, FOXJ2, FOXJ3, FOXK2, FOXO1, FOXO4, GABPA, GARS1, GATA1, GATA3, GATA4, GC, GCM1, GDNF, GRHL1, GRHL2, GRHL3, GTF2I, GTF2IP4, HAND2, HHEX, HIF1A, HINFP, HLF, HNF4G, HOXA1, HOXA10, HOXA5, HOXA7, HOXB1, HOXB2, HOXB3, HOXB7, HOXC10, HOXC11, HOXC4, HOXD13, HOXD3, HOXD4, HOXD8, HSD17B4, HSF2, IKZF3, IRF1, IRF2, IRF3, IRF4, IRF5, JUN, KCNH4, KCNH8, KLF10, KLF15, KLF4, KLF5, KLF6, KLF7, LEF1, LHX3, LHX4, LITAF, LOC107987484, LOC107987485, LOC107987486, LOC107987487, MAFF, MEF2A, MEF2B, MEF2C, MEIS2, MELTF, MEOX2, MITF, MLXIP, MTF1, MYB, MYBL1, MYBL2, MYC, MYCN, MYOD1, MYOG, MYT1, MZF1, NEUROD1, NFAT5, NFATC3, NFE2L1, NFIA, NFIB, NFIC, NFKB1, NFKB2, NFYB, NHLH1, NKRF, NKX2-5, NKX2-6, NKX2-8, NKX6-3, NPAS4, NR1H2, NR1H4, NR1I2, NR1I3, NR2C2, NR2E3, NR3C1, NR4A3, NRF1, NRL, ONECUT2, OTX1, OTX2, PBX2, PBX2P1, PGR, PHOX2A, PHOX2B, PLAG1, PLAGL1, PLAGL2, PLSCR1, POU2F3, POU4F2, POU4F3, PPARA, PRDM2, PRKRA, PRRX1, PSG1, RAX, RAX2, RBPJ, REL, RELA, RFX4, RFX5, RFX6, RFXANK, RFXAP, RREB1, RUNX1, RXRB, SALL2, SATB2, SCX, SHOX, SIX1, SMAD1, SMAD2, SMAD3, SMAD4, SMIM44, SOX18, SOX4, SOX9, SP1, SPIB, SREBF1, SRF, STAT3, STAT5B, STAT6, TBX3, TCF12, TCF3, TCF7L1, TFAP2A, TFAP2B, TFAP2C, TFAP4, TFDP1, TFDP2, TLX2, TP53, TP73, UBP1, USF3, VENTX, VEZF1, WT1, YY1, YY2, ZBED1, ZBTB17, ZFX, ZIC3, ZNF143, ZNF175, ZNF24, ZNF300, ZNF395, ZNF639, ZNF750, ZNF76, ZSCAN21]","[AR, FOXD2, GTF2I, MEOX2, MYCN, NKX2-5, OTX2, REL, SIX1, TCF12]","","","","","","","","","[Group4]","[8, 9, 10, 11, 12, 13, 14]","{Group4=1.013092248338137E-6}","{Group4=9.117830235043233E-6}","GO:0001228","","DNA-binding%20transcription%20activator%20activity,%20RNA%20polymerase%20II-specific","10","GO_BiologicalProcess-EBI-UniProt-GOA-ACAP-ARAP_25.05.2022_00h00","FALSE","false","DNA-binding%20transcription%20activator%20activity,%20RNA%20polymerase%20II-specific","DNA-binding transcription activator activity, RNA polymerase II-specific","2.500677341973741E-5","5.751557886539604E-4","","GO:0001228"
"25.0",,,"[ANKRD13A, ANKRD13B, ANKRD13D, ANXA2, ATXN2, LRPAP1, NECAB2, PCSK9, RIN3, SDCBP, UBQLN2, WDR54]","[NECAB2, SDCBP, UBQLN2]","","","","","","","","","[Group6]","[5, 6, 7, 8, 9]","{Group6=0.004758010499408011}","{Group6=0.009516020998816021}","GO:0002091","","negative%20regulation%20of%20receptor%20internalization","3","GO_BiologicalProcess-EBI-UniProt-GOA-ACAP-ARAP_25.05.2022_00h00","TRUE","false","negative%20regulation%20of%20receptor%20internalization","negative regulation of receptor internalization","8.897790658577687E-5","0.0018685360383013142","","GO:0002091"
"8.69565200805664",,,"[ADAM17, AKT1, APC, BCCIP, BLM, CCNA2, CCNB1, CCND1, CCND2, CCND3, CCNK, CCNY, CDK1, CDK14, CDK2, CDK4, CDK5RAP1, CDK6, CDK9, CDKN1B, CDKN2A, CDKN2B, CDKN2C, CDKN2D, EGFR, GTPBP4, HEXIM1, HEXIM2, HHEX, INCA1, LATS1, LATS2, MEN1, MYOCD, NR2F2, PDGFB, PKD1, PKD2, PLK1, PRKD2, PROC, PROX1, PSMD10, PTEN, RGCC, TFAP4]","[CCND3, CDK6, CDKN1B, CDKN2C]","","","","","","","","","[Group5]","[5, 6]","{Group5=3.370375500261718E-4}","{Group5=0.0023592628501832025}","GO:0004693","","cyclin-dependent%20protein%20serine/threonine%20kinase%20activity","4","GO_BiologicalProcess-EBI-UniProt-GOA-ACAP-ARAP_25.05.2022_00h00","TRUE","false","cyclin-dependent%20protein%20serine/threonine%20kinase%20activity","cyclin-dependent protein serine/threonine kinase activity","3.98598629079153E-4","0.00797197258158306","","GO:0004693"
"3.04347825050354",,,"[ACTL6A, ACTL6B, ACTR5, ACTR8, AICDA, ANP32B, ARID1A, ARID2, ASF1A, ASF1B, ATF7IP, ATRX, BAHD1, BANF1, BAZ1A, BAZ1B, BEND3, BMI1, BPTF, BRD2, CABIN1, CBX3, CDAN1, CDK2, CECR2, CENPV, CGGBP1, CHAF1A, CHAF1B, CHD1, CHD1L, CHD3, CHD4, CHD8, CHRAC1, COMMD3-BMI1, CREBZF, CTBP1, CTCF, DAXX, DDX11, DNAJC9, DNMT1, DPEP2, DPEP3, EHMT1, EP300, EPC1, ERCC6, EZH2, FAM47E, FAM47E-STBD1, GATAD1, GATAD2A, GATAD2B, GLMN, GPX1, GRWD1, H1-0, H1-5, H1-9P, H2AB1, H2AB2, H2AB3, H2AW, H2BC1, H3-3A, H3-3B, H3-4, H3C1, H3C10, H3C11, H3C12, H3C13, H3C14, H3C15, H3C2, H3C3, H3C4, H3C6, H3C7, H3C8, H4-16, H4C1, H4C11, H4C12, H4C13, H4C14, H4C15, H4C2, H4C3, H4C4, H4C5, H4C6, H4C8, H4C9, HAT1, HDAC1, HDAC2, HDAC4, HDAC5, HDAC6, HIRA, HJURP, HMGA2, HMGB1, HNRNPU, HP1BP3, IFI16, INO80, INO80B, INO80C, INO80D, INO80E, IPO4, KAT2B, KDM1A, L3MBTL1, L3MBTL3, LIN54, LOXL2, LRIF1, LRWD1, LSM11, MACROH2A1, MACROH2A2, MBD2, MBD3, MCM3AP, MCRS1, MECP2, METTL3, MIER1, MLLT3, MORC2, MPHOSPH8, MTA1, MTA2, MTA3, MTHFR, MYB, MYC, MYSM1, NAA60, NAP1L4, NASP, NFRKB, NOC2L, NPM1, NPM2, NUDT5, PADI2, PAK1, PARP10, PHF1, PHF2, PHF8, PIH1D1, PKN1, POLE3, PPHLN1, PPM1D, PWWP3A, RB1, RBBP4, RBBP7, RBM15, RBM15B, RLIM, RRP8, RSF1, RUVBL1, RUVBL2, SAMD1, SART3, SETD1A, SETD2, SETD7, SETDB1, SIN3A, SIRT1, SIRT6, SMARCA1, SMARCA2, SMARCA4, SMARCA5, SMARCAD1, SMARCB1, SMARCC1, SMARCC2, SMARCD1, SMARCD2, SMARCD3, SMARCE1, SMCHD1, SOX9, SPHK2, SPI1, SPTY2D1, SSRP1, SUPT16H, SUV39H1, SUV39H2, SYCP3, TAL1, TASOR, TET1, TFAP2C, TFPT, TLK1, TLK2, TNP1, TOP1, TP53, TPR, TRIM27, TRIM28, UBN1, UCHL5, VPS72, WBP2, YTHDC1, YY1, ZBTB1, ZBTB7A, ZFP57, ZNF304, ZNF335, ZNF445, ZNF827]","[CHAF1A, ERCC6, H3C2, H4C8, MCRS1, SMARCB1, TAL1]","","","","","","","","","[Group7]","[4, 6]","{Group7=9.76935513916841E-4}","{Group7=0.005861613083501045}","GO:0006325","","chromatin%20organization","7","GO_BiologicalProcess-EBI-UniProt-GOA-ACAP-ARAP_25.05.2022_00h00","FALSE","false","chromatin%20organization","chromatin organization","0.0017964025202047507","0.02694603780307126","","GO:0006325"
"9.375",,,"[ASF1A, ASF1B, CHAF1A, CHAF1B, H3C1, H3C10, H3C11, H3C12, H3C2, H3C3, H3C4, H3C6, H3C7, H3C8, H4-16, H4C1, H4C11, H4C12, H4C13, H4C14, H4C15, H4C2, H4C3, H4C4, H4C5, H4C6, H4C8, H4C9, HAT1, IPO4, NASP, RBBP4]","[CHAF1A, H3C2, H4C8]","","","","","","","","","[Group7]","[6, 8]","{Group7=9.76935513916841E-4}","{Group7=0.005861613083501045}","GO:0006335","","DNA%20replication-dependent%20chromatin%20assembly","3","GO_BiologicalProcess-EBI-UniProt-GOA-ACAP-ARAP_25.05.2022_00h00","TRUE","false","DNA%20replication-dependent%20chromatin%20assembly","DNA replication-dependent chromatin assembly","0.0017977918536762122","0.02516908595146697","","GO:0006335"
"3.7878787517547607",,,"[ACTL6A, ACTL6B, ACTR5, ACTR8, ANP32B, ARID1A, ARID2, ASF1A, ATRX, BAZ1A, BAZ1B, BPTF, BRD2, CECR2, CENPV, CHD1, CHD1L, CHD3, CHD4, CHD8, CHRAC1, DAXX, DNAJC9, DPEP2, DPEP3, ERCC6, GATAD1, GATAD2A, GATAD2B, GRWD1, H2AB1, H2AB2, H2AB3, H2AW, H2BC1, H3-3A, H3-3B, H3-4, H3C1, H3C10, H3C11, H3C12, H3C13, H3C14, H3C15, H3C2, H3C3, H3C4, H3C6, H3C7, H3C8, H4-16, H4C1, H4C11, H4C12, H4C13, H4C14, H4C15, H4C2, H4C3, H4C4, H4C5, H4C6, H4C8, H4C9, HDAC1, HDAC2, HDAC4, HJURP, INO80, INO80B, INO80C, INO80D, INO80E, KAT2B, LIN54, MBD2, MBD3, MCM3AP, MCRS1, MIER1, MORC2, MTA1, MTA2, MTA3, MYB, MYC, MYSM1, NAA60, NAP1L4, NFRKB, NPM1, NPM2, NUDT5, PAK1, PIH1D1, PKN1, POLE3, RBBP4, RBBP7, RSF1, RUVBL1, RUVBL2, SART3, SETD2, SIRT6, SMARCA1, SMARCA2, SMARCA4, SMARCA5, SMARCAD1, SMARCB1, SMARCC1, SMARCC2, SMARCD1, SMARCD2, SMARCD3, SMARCE1, SOX9, SPTY2D1, SSRP1, SUPT16H, SUV39H2, SYCP3, TFPT, TNP1, TOP1, UCHL5, YY1, ZBTB1, ZBTB7A, ZNF827]","[ERCC6, H3C2, H4C8, MCRS1, SMARCB1]","","","","","","","","","[Group7]","[5, 7]","{Group7=9.76935513916841E-4}","{Group7=0.005861613083501045}","GO:0006338","","chromatin%20remodeling","5","GO_BiologicalProcess-EBI-UniProt-GOA-ACAP-ARAP_25.05.2022_00h00","FALSE","false","chromatin%20remodeling","chromatin remodeling","0.0032815599426885087","0.029534039484196577","","GO:0006338"
"7.5",,,"[CAPN3, CBX4, CDKN2A, CTNNB1, EGR1, GNL3, GNL3L, HDAC4, IFIH1, KIAA1586, MAGEA2, MDM2, MUL1, NSMCE2, PARK7, PIAS1, PIAS2, PIAS3, PIAS4, PML, RANBP2, RANGAP1, RWDD3, SAE1, STX1A, SUMO1, SUMO1P1, SUMO2, SUMO3, SUMO4, TOPORS, TRIM27, TRIM28, TRPM4, UBA2, UBE2I, UHRF2, ZBED1, ZMIZ1, ZNF451]","[PIAS3, SUMO1, UBE2I]","","","","","","","","","[Group3]","[7, 8]","{Group3=0.0034281203913141068}","{Group3=0.010284361173942321}","GO:0016925","","protein%20sumoylation","3","GO_BiologicalProcess-EBI-UniProt-GOA-ACAP-ARAP_25.05.2022_00h00","TRUE","false","protein%20sumoylation","protein sumoylation","0.0034281203913141068","0.027424963130512854","","GO:0016925"
"8.571428298950195",,,"[ASH1L, ASH2L, CXXC1, DOT1L, EHMT1, EHMT2, EZH2, KMT2A, KMT2B, KMT2C, KMT2E, KMT5A, KMT5B, KMT5C, N6AMT1, NSD1, NSD3, PRDM7, PRDM9, RBBP5, SETD1A, SETD1B, SETD2, SETD4, SETD7, SETDB1, SETDB2, SETMAR, SMYD3, SUV39H1, SUV39H2, TTLL12, WDR5, WDR82, WDR82P1]","[KMT2C, NSD1, WDR5]","","","","","","","","","[Group8]","[7, 8, 9, 10]","{Group8=1.1594098710805119E-5}","{Group8=9.275278968644095E-5}","GO:0018024","","histone-lysine%20N-methyltransferase%20activity","3","GO_BiologicalProcess-EBI-UniProt-GOA-ACAP-ARAP_25.05.2022_00h00","FALSE","false","histone-lysine%20N-methyltransferase%20activity","histone-lysine N-methyltransferase activity","0.0023337392184003647","0.03033860983920474","","GO:0018024"
"3.9855072498321533",,,"[ACTB, ACTL6A, ANTKMT, ARRB1, ASH1L, ASH2L, ATAT1, ATF2, ATPSCKMT, ATRX, ATXN7, ATXN7L3, AUTS2, AUTS8, BAG6, BCOR, BEND3, BLOC1S1, BRCA1, BRCA2, BRD1, BRD4, BRD7, BRD8, BRPF1, BRPF3, CAMK1, CAPN3, CBX4, CDKN2A, CHD5, CHD6, CLOCK, CREBBP, CSKMT, CTBP1, CTCFL, CTH, CTNNB1, CTR9, CXXC1, DHPS, DMAP1, DNMT1, DNMT3B, DOHH, DOT1L, DPY30, DR1, EEF1AKMT1, EEF1AKMT2, EEF1AKMT3, EEF2KMT, EGR1, EHMT1, EHMT2, EID1, ENY2, EP300, EP400, EPC1, EPC2, ESCO1, ETFBKMT, EZH2, EZHIP, FOXP3, GCSH, GDNF, GET1, GLYR1, GNL3, GNL3L, H1-5, HAT1, HCFC1, HDAC10, HDAC4, HDAC5, HDAC6, HDAC9, HINT1, IFIH1, ING3, ING4, ING5, IWS1, JADE1, JADE2, JADE3, JMJD6, KALRN, KANSL1, KANSL2, KANSL3, KAT14, KAT2A, KAT2B, KAT5, KAT6A, KAT6B, KAT7, KAT8, KIAA1586, KLF15, KMT2A, KMT2B, KMT2C, KMT2D, KMT2E, KMT5A, LEF1, LIF, LIPT2, LOX, LOXL2, LOXL3, MACROH2A1, MAGEA2, MAP3K7, MAPK3, MBIP, MBTD1, MCM3AP, MCRS1, MDM2, MEAF6, MEN1, METTL18, METTL21A, METTL21C, MORF4L1, MORF4L2, MRGBP, MSL1, MSL2, MSL3, MUC1, MUL1, MYB, N6AMT1, NAA40, NAA50, NAA60, NAT8, NAT8B, NCOA3, NDUFAB1, NFYA, NFYB, NFYC, NOC2L, NSD1, NSD3, NSMCE2, OGT, PARK7, PAXIP1, PER1, PHF1, PHF19, PHF20, PIAS1, PIAS2, PIAS3, PIAS4, PIH1D1, PLOD1, PLOD2, PLOD3, PML, POLE3, POTEF, PRDM12, PRDM5, PRDM7, PRDM9, PWWP2A, RANBP2, RANGAP1, RAPGEF3, RBBP5, RNF113A, RPS6KA4, RPS6KA5, RUVBL1, RUVBL2, RWDD3, SAE1, SDR16C5, SENP1, SENP2, SENP3, SENP6, SETD1A, SETD1B, SETD2, SETD3, SETD4, SETD6, SETD7, SETDB2, SETMAR, SGF29, SIN3A, SIRT1, SIRT2, SIRT3, SIRT5, SIRT7, SMARCB1, SMYD2, SNCA, SNW1, SOX4, SPHK2, SPI1, STX1A, SUMO1, SUMO1P1, SUMO2, SUMO3, SUMO4, SUPT3H, SUPT6H, SUPT7L, TADA1, TADA2A, TADA3, TAF1, TAF10, TAF12, TAF2, TAF4, TAF5, TAF5L, TAF6, TAF6L, TAF7, TAF9, TET2, TET3, THAP7, TMEM98, TOPORS, TRIM16, TRIM27, TRIM28, TRMT112, TRPM4, TRRAP, TTLL12, UBA2, UBE2I, UHRF2, USP22, USPL1, VCPKMT, VIPAS39, VPS33B, VPS72, VSIG2, WBP2, WDR5, WDR61, WDR82, WDR82P1, YEATS2, YEATS4, ZBED1, ZMIZ1, ZNF274, ZNF304, ZNF335, ZNF451, ZZZ3]","[BAG6, BRCA2, KMT2C, KMT2D, MCRS1, NSD1, PIAS3, SMARCB1, SUMO1, UBE2I, WDR5]","","","","","","","","","[Group8]","[6, 7]","{Group8=1.1594098710805119E-5}","{Group8=9.275278968644095E-5}","GO:0018205","","peptidyl-lysine%20modification","11","GO_BiologicalProcess-EBI-UniProt-GOA-ACAP-ARAP_25.05.2022_00h00","TRUE","false","peptidyl-lysine%20modification","peptidyl-lysine modification","7.023819007959325E-6","1.685716561910238E-4","","GO:0018205"
"3.846153736114502",,,"[ACTB, ACTL6A, ARRB1, ATAT1, ATF2, ATXN7, ATXN7L3, AUTS2, AUTS8, BAG6, BEND3, BRCA1, BRCA2, BRD1, BRD7, BRD8, BRPF1, BRPF3, CAMK1, CLOCK, CREBBP, CTBP1, DMAP1, DR1, EID1, ENY2, EP300, EP400, EPC1, EPC2, FOXP3, GDNF, GLYR1, HAT1, HCFC1, HDAC5, ING3, ING4, ING5, IWS1, JADE1, JADE2, JADE3, KANSL1, KANSL2, KANSL3, KAT14, KAT2A, KAT2B, KAT5, KAT6A, KAT6B, KAT7, KAT8, KMT2A, LEF1, LIF, MAP3K7, MAPK3, MBIP, MBTD1, MCM3AP, MCRS1, MEAF6, MORF4L1, MORF4L2, MRGBP, MSL1, MSL2, MSL3, MUC1, NAA40, NAA50, NAA60, NAT8, NAT8B, NCOA3, NFYA, NFYB, NFYC, NOC2L, OGT, PARK7, PER1, PHF20, PIH1D1, POLE3, POTEF, PWWP2A, RAPGEF3, RPS6KA4, RPS6KA5, RUVBL1, RUVBL2, SDR16C5, SGF29, SIN3A, SIRT1, SMARCB1, SNCA, SPHK2, SPI1, SUPT3H, SUPT7L, TADA1, TADA2A, TADA3, TAF1, TAF10, TAF12, TAF2, TAF4, TAF5, TAF5L, TAF6, TAF6L, TAF7, TAF9, THAP7, TMEM98, TRIM16, TRRAP, USP22, VPS72, WBP2, WDR5, YEATS2, YEATS4, ZNF451, ZZZ3]","[BAG6, BRCA2, MCRS1, SMARCB1, WDR5]","","","","","","","","","[Group8]","[8, 9]","{Group8=1.1594098710805119E-5}","{Group8=9.275278968644095E-5}","GO:0018393","","internal%20peptidyl-lysine%20acetylation","5","GO_BiologicalProcess-EBI-UniProt-GOA-ACAP-ARAP_25.05.2022_00h00","FALSE","false","internal%20peptidyl-lysine%20acetylation","internal peptidyl-lysine acetylation","0.003072705726400372","0.03379976299040409","","GO:0018393"
"7.692307472229004",,,"[AKR1B1, AR, AREG, ARID1A, BRCA1, CNOT1, CNOT2, CNOT9, DDRGK1, DDX17, DDX5, DEFA1, DEFA1A3, DEFA3, DNAAF4, ESR1, FOXA1, FOXH1, KANK2, KMT2D, LATS1, PADI2, PAGR1, PAK1, PKN1, POU4F2, PPARGC1B, RBFOX2, SRARP, TRIP4, UBA5, UFL1, UFM1, UFSP2, VPS11, VPS18, WBP2, YAP1, ZNF366]","[AR, KANK2, KMT2D]","","","","","","","","","[Group1]","[5, 6, 7, 8, 9]","{Group1=0.0031883428384427777}","{Group1=0.01275337135377111}","GO:0030520","","intracellular%20estrogen%20receptor%20signaling%20pathway","3","GO_BiologicalProcess-EBI-UniProt-GOA-ACAP-ARAP_25.05.2022_00h00","TRUE","false","intracellular%20estrogen%20receptor%20signaling%20pathway","intracellular estrogen receptor signaling pathway","0.0031883428384427777","0.03188342838442778","","GO:0030520"
"8.0",,,"[ATRX, AUTS2, AUTS8, BCOR, BRCA1, BRD4, CHTOP, CTCFL, CTR9, DNMT1, DNMT3B, EZHIP, FAM47E, FAM47E-STBD1, H1-5, HCFC1, IWS1, KANSL1, KANSL2, KANSL3, KAT8, KMT2E, MACROH2A1, MCRS1, MTHFR, MYB, NNMT, NSD1, NSD3, OGT, PAF1, PEX2, PHF1, PHF19, PHF20, PIH1D1, PRDM12, PRDM9, RRP8, SIRT1, SMARCB1, SNW1, SUPT6H, SUV39H1, TET1, TTLL12, WDR5, WDR61, ZNF274, ZNF304]","[MCRS1, NSD1, SMARCB1, WDR5]","","","","","","","","","[Group8]","[4, 5, 6, 7, 8, 9]","{Group8=1.1594098710805119E-5}","{Group8=9.275278968644095E-5}","GO:0031060","","regulation%20of%20histone%20methylation","4","GO_BiologicalProcess-EBI-UniProt-GOA-ACAP-ARAP_25.05.2022_00h00","FALSE","false","regulation%20of%20histone%20methylation","regulation of histone methylation","5.497245608278554E-4","0.009895042094901397","","GO:0031060"
"3.9215686321258545",,,"[AKIRIN2, AKT1, APLP2, APOD, APPL1, APPL2, ARL2, ARL2BP, ATP13A2, BAG3, BARD1, BBS4, BCL3, BMP4, BMP7, CALR, CARD10, CDH1, CDK1, CDK5RAP3, CHORDC1, CHP1, CHP2, CNEP1R1, COL1A1, CTDNEP1, DMAP1, DTX3L, DVL1, DVL1P1, E2F3, EIF4ENIF1, F2, FERMT2, FLCN, FLNA, FZR1, GBP2, GLUL, HCLS1, HDAC3, HHEX, HIKESHI, HNRNPU, IFNG, ILRUN, INS, INTS13, IPO13, IPO4, IPO5, IPO9, JUP, KAT7, KPNA2, KPNA4, KPNB1, LAMTOR5, LARP7, LIF, LILRB4, LIMK2, MAVS, MCRS1, MDM2, MEPCE, MFHAS1, MMP12, MORC3, MSX1, NGFR, NMD3, NOL8, NOP53, NUAK2, NUP188, NUTF2, NVL, ORMDL3, OTUD7B, PAF1, PARK7, PARP9, PDZD2, PEX2, PHB2, PIK3R1, PIKFYVE, PIN1, PINX1, PLK1, PML, POLR1A, PRICKLE1, PRKCD, PSEN1, PTTG1IP, PYHIN1, RAB23, RAN, RANBP2, RANGAP1, RAP1GDS1, RBM22, RPAIN, RPF2, RRP7A, RRS1, SESN2, SHH, SIN3A, SIX1, SKP1, SP100, STAT3, STK24, STK3, STK4, SUMO1, SUMO2, SUMO3, SUMO4, SUN1, SUN2, SUPT7L, SYK, SYNE1, TAF3, TAF8, TBRG1, TERT, TESK1, TFRC, TGFB1, TNPO1, TNPO3, TOPORS, TOR1A, TOR1AIP2, TPR, TRIM28, TRIM40, TTF2, UBR5, UFM1, UTP25, WRAP53, WRN, XPA, YWHAE, ZBTB7A, ZC3H12A, ZPR1]","[APPL2, BAG3, MCRS1, PIN1, SIX1, SUMO1]","","","","","","","","","[Group2]","[6]","{Group2=0.0010685187777420746}","{Group2=0.005342593888710373}","GO:0034504","","protein%20localization%20to%20nucleus","6","GO_BiologicalProcess-EBI-UniProt-GOA-ACAP-ARAP_25.05.2022_00h00","TRUE","false","protein%20localization%20to%20nucleus","protein localization to nucleus","0.0010685187777420746","0.018164819221615267","","GO:0034504"
"7.692307472229004",,,"[ASH1L, ASH2L, ATRX, AUTS2, AUTS8, BCOR, BEND3, BRCA1, BRD4, CHD5, CHD6, CTCFL, CTR9, CXXC1, DNMT1, DNMT3B, DOT1L, DPY30, EHMT2, EZH2, EZHIP, GET1, H1-5, HCFC1, IWS1, KALRN, KANSL1, KANSL2, KANSL3, KAT8, KMT2A, KMT2B, KMT2C, KMT2D, KMT2E, MACROH2A1, MCRS1, MEN1, MYB, N6AMT1, NFYA, NFYB, NFYC, NSD1, NSD3, OGT, PAXIP1, PHF1, PHF19, PHF20, PIH1D1, PRDM12, PRDM5, PRDM7, PRDM9, RBBP5, SETD1A, SETD1B, SETD2, SETD4, SETD6, SETDB2, SETMAR, SIRT1, SMARCB1, SNW1, SUPT6H, TET2, TET3, TRMT112, TTLL12, WDR5, WDR61, WDR82, WDR82P1, ZNF274, ZNF304, ZNF335]","[KMT2C, KMT2D, MCRS1, NSD1, SMARCB1, WDR5]","","","","","","","","","[Group8]","[6, 7, 8, 9]","{Group8=1.1594098710805119E-5}","{Group8=9.275278968644095E-5}","GO:0034968","","histone%20lysine%20methylation","6","GO_BiologicalProcess-EBI-UniProt-GOA-ACAP-ARAP_25.05.2022_00h00","FALSE","false","histone%20lysine%20methylation","histone lysine methylation","2.6714679472325378E-5","5.877229483911583E-4","","GO:0034968"
"6.153846263885498",,,"[ACTB, ACTL6A, ARRB1, ATF2, AUTS2, AUTS8, BEND3, BRCA1, BRCA2, BRD8, CTBP1, DMAP1, EP300, EP400, EPC1, EPC2, GDNF, HAT1, HCFC1, ING3, ING4, ING5, IWS1, JADE1, JADE2, JADE3, KANSL1, KANSL2, KANSL3, KAT5, KAT6A, KAT7, KAT8, KMT2A, LEF1, MBTD1, MCRS1, MEAF6, MORF4L1, MORF4L2, MRGBP, MSL1, MSL2, MSL3, MUC1, NAA40, NAA50, NAA60, OGT, PER1, PHF20, PIH1D1, POTEF, RUVBL1, RUVBL2, SIRT1, SMARCB1, SPI1, TAF7, TRIM16, TRRAP, USP22, VPS72, WDR5, YEATS4]","[BRCA2, MCRS1, SMARCB1, WDR5]","","","","","","","","","[Group8]","[7, 8, 10, 11]","{Group8=1.1594098710805119E-5}","{Group8=9.275278968644095E-5}","GO:0043967","","histone%20H4%20acetylation","4","GO_BiologicalProcess-EBI-UniProt-GOA-ACAP-ARAP_25.05.2022_00h00","FALSE","false","histone%20H4%20acetylation","histone H4 acetylation","0.001482567937474351","0.023721086999589615","","GO:0043967"
"3.125",,,"[ABCA2, ADAM8, ADRA2A, AMER1, APC, APOE, ASB9, ATG7, ATXN3, AXIN1, BAG6, BBS7, BCAP31, C1D, C4BPA, C4BPB, CARD16, CAV1, CBFA2T3, CD81, CDKN1B, CLU, COP1, CPAMD8, CSNK1A1, CSNK2A1, CSNK2A2, CSNK2A3, DAB2, DAB2IP, DACT1, DDB1, DDRGK1, DET1, DTL, DVL1, DVL1P1, ECSCR, EGLN2, EZR, FAF1, FBXW7, FOXO1, GABARAP, GPLD1, GSK3A, GSK3B, HERPUD1, HSP90AA1, HSPA1A, HSPBP1, IFNG, IL1B, KCNE2, LRP1, MARCHF2, MDM2, MSN, NDUFA13, NEDD4, NKD1, NKD2, NOP53, NRDC, NSF, NUB1, NUPR1, OAZ1, OSBPL7, PABIR1, PACSIN3, PCSK9, PLK1, PLK2, PLK3, PRICKLE1, PRKN, PROC, PSMC2, PSMD10, RAB4B-EGLN2, RAB7A, RACK1, RAD23A, RBX1, RCHY1, RDX, RFPL1, RILP, RNF185, RNF41, RNFT1, SEC22B, SGTA, SH3D19, SH3RF2, SIRT2, SIRT6, SMAD7, SNF8, SNX33, SNX9, SOCS5, SORL1, STUB1, STX5, SUMO1, SUMO2, TAF1, TIPARP, TMTC3, TNF, TNFAIP3, TNFRSF1B, TNFSF12, TNFSF13B, UBQLN1, UBQLN2, USP13, USP5, VCP, VIP, VPS11, VPS28, VPS35, WNT5A, ZER1, ZYG11B]","[BAG6, CDKN1B, SUMO1, UBQLN2]","","","","","","","","","[Group6]","[4, 5, 6, 7]","{Group6=0.004758010499408011}","{Group6=0.009516020998816021}","GO:0045732","","positive%20regulation%20of%20protein%20catabolic%20process","4","GO_BiologicalProcess-EBI-UniProt-GOA-ACAP-ARAP_25.05.2022_00h00","FALSE","false","positive%20regulation%20of%20protein%20catabolic%20process","positive regulation of protein catabolic process","0.01630754983731797","0.04892264951195391","","GO:0045732"
"8.510638236999512",,,"[ASH2L, AUTS2, AUTS8, BCOR, BEND3, BRCA1, CTCFL, CTR9, CXXC1, DNMT1, DNMT3B, DPY30, HCFC1, KANSL1, KANSL2, KANSL3, KAT8, KMT2A, KMT2B, KMT2C, KMT2D, KMT2E, MACROH2A1, MCRS1, MEN1, MYB, NFYA, NFYB, NFYC, OGT, PAXIP1, PHF20, PIH1D1, PRDM7, PRDM9, RBBP5, SETD1A, SETD1B, SETMAR, SNW1, TET2, TET3, WDR5, WDR61, WDR82, WDR82P1, ZNF335]","[KMT2C, KMT2D, MCRS1, WDR5]","","","","","","","","","[Group8]","[7, 8, 9, 10]","{Group8=1.1594098710805119E-5}","{Group8=9.275278968644095E-5}","GO:0051568","","histone%20H3-K4%20methylation","4","GO_BiologicalProcess-EBI-UniProt-GOA-ACAP-ARAP_25.05.2022_00h00","FALSE","false","histone%20H3-K4%20methylation","histone H3-K4 methylation","4.331750489809158E-4","0.0082303259306374","","GO:0051568"
"3.4482758045196533",,,"[ALAD, APOE, ARAF, ATXN3, BAG5, BAG6, BBS7, BCAP31, CAMLG, CARD16, CAV1, CBFA2T3, CCAR2, CLU, COMMD1, COP1, CSNK1A1, DAB2, DAB2IP, DDRGK1, DESI1, DESI2, DET1, DNAAF4, DVL1, DVL1P1, ECSCR, EIF3H, F8A1, FBXW7, FHIT, FOXF2, GABARAP, GABARAPL2, GLMN, GNA12, GPX1, GSK3A, GSK3B, HERPUD1, HSP90AB1, HSPA1A, HSPBP1, KCNE2, LAMP3, MARCHF7, MDM2, NKD2, NOP53, NUB1, NUDT15, NUPR1, OGT, OSBPL7, PABIR1, PANO1, PARK7, PKD1, PLK1, PLK3, PRICKLE1, PRKACA, PRKCA, PRKN, PSMC2, PSMD10, PSMD14, PSME3, PSME3IP1, PSMF1, RACK1, RAD23A, RAD23B, RBX1, RCHY1, RFPL1, RHBDF1, RNF185, RNFT1, RYBP, SDCBP, SGTA, SH3RF2, SIRT2, SIRT6, SMAD7, SOCS5, STUB1, STYX, SUMO1, SUMO2, SVIP, TAF1, TAF9, TLK2, TMTC3, TRIM39, UBB, UBQLN1, UBQLN2, UBQLN4, UBXN1, UCHL5, UFL1, USP13, USP14, USP19, USP25, USP5, USP7, USP9X, VCP, WAC, XPO1, ZER1, ZYG11B]","[BAG6, SDCBP, SUMO1, UBQLN2]","","","","","","","","","[Group6]","[5, 6, 7, 8]","{Group6=0.004758010499408011}","{Group6=0.009516020998816021}","GO:0061136","","regulation%20of%20proteasomal%20protein%20catabolic%20process","4","GO_BiologicalProcess-EBI-UniProt-GOA-ACAP-ARAP_25.05.2022_00h00","FALSE","false","regulation%20of%20proteasomal%20protein%20catabolic%20process","regulation of proteasomal protein catabolic process","0.011716806560718739","0.046867226242874954","","GO:0061136"
"3.9603960514068604",,,"[ANP32B, ASF1A, ATF7IP, ATRX, BAZ1A, BAZ2A, BRD2, CDT1, CENPA, CENPC, CENPCP1, CENPE, CENPT, CENPV, CENPW, CHRAC1, DAXX, DNAJC9, ESR1, GMNN, GRWD1, GTF2A2, GTF2B, H2AB1, H2AB2, H2AB3, H2BC1, H3-3A, H3-3B, H3-4, H3C1, H3C10, H3C11, H3C12, H3C13, H3C14, H3C15, H3C2, H3C3, H3C4, H3C6, H3C7, H3C8, H4-16, H4C1, H4C11, H4C12, H4C13, H4C14, H4C15, H4C2, H4C3, H4C4, H4C5, H4C6, H4C8, H4C9, HJURP, HMGB1, MIS12, NAA60, NAP1L4, NPC1, NPM1, PIH1D1, POGZ, POLE3, RAD51, RNF4, RRN3, RSF1, SART3, SENP6, SIRT6, SMARCA4, SMARCA5, SMARCB1, SOX9, SPTY2D1, TAF1, TAF10, TAF11, TAF12, TAF13, TAF1B, TAF1C, TAF2, TAF3, TAF4, TAF5, TAF6, TAF7, TAF8, TAF9, TBP, TERF1, THRA, TP53, TRAPPC12, UBTF, ZNF827]","[H3C2, H4C8, POGZ, SMARCB1]","","","","","","","","","[Group7]","[6]","{Group7=9.76935513916841E-4}","{Group7=0.005861613083501045}","GO:0065004","","protein-DNA%20complex%20assembly","4","GO_BiologicalProcess-EBI-UniProt-GOA-ACAP-ARAP_25.05.2022_00h00","FALSE","false","protein-DNA%20complex%20assembly","protein-DNA complex assembly","0.0072766028535205165","0.043659617121123095","","GO:0065004"
"3.3333332538604736",,,"[ABCB6, ACER1, ADD1, AKR1C3, AKT1, ALOX15, ALOX5AP, AOC1, AQP1, AQP2, ATP13A2, B2M, BNIP3, BRAF, CACNA1A, CACNA1H, CARF, CDH1, CDKN1B, CDKN2AIP, CHP2, CHUK, CLIC4, CLU, CPNE1, CPNE3, CPNE7, CRHBP, CYP11B1, CYP11B2, DAXX, ECT2, EGFR, F3, FBP1, FOS, FZR1, GLRA1, GLRA2, GPLD1, HFE, HPCA, HSF1, HVCN1, IQGAP1, ITPKA, ITPKB, ITPKC, JUN, KCNH1, LCE1D, LGMN, LRRK2, MAPK1, MAPK3, MAPK8, MAPK9, MEF2A, MINDY4, MMP9, MT1A, MT1B, MT1E, MT1F, MT1G, MT1H, MT1L, MT1X, MT2A, MT3, NCF1, PLCG2, PRNP, RASA4, RASGRP2, SCN5A, SLC13A5, SLC25A24, SLC30A10, SLC41A1, SMPD1, SNCA, SUMO1, TF, TFAP2A, TFR2, TIGAR, TRPM2, WNT5A, ZNF658]","[CDKN1B, CPNE7, SUMO1]","","","","","","","","","[Group6]","[5]","{Group6=0.004758010499408011}","{Group6=0.009516020998816021}","GO:0071248","","cellular%20response%20to%20metal%20ion","3","GO_BiologicalProcess-EBI-UniProt-GOA-ACAP-ARAP_25.05.2022_00h00","FALSE","false","cellular%20response%20to%20metal%20ion","cellular response to metal ion","0.031109158475855707","0.031109158475855707","","GO:0071248"
"4.301075458526611",,,"[ACVR1, ADAM17, ADAMTS1, AIF1, AKT1, AMBRA1, ANKRD17, APC, APLP2, APPL1, APPL2, BRD7, CASP2, CCL2, CCND1, CCND2, CCNH, CDC73, CDK2AP2, CDK7, CDKN1A, CDKN1B, CDKN2A, CDKN2C, CDKN2D, CENPJ, CFH, CPSF3, CRADD, CRLF3, DACT1, DCUN1D3, DDX3X, DLG1, E2F1, EGFR, EIF4G1, FAM107A, FBXO31, FGF10, FHL1, GPNMB, HPLH1, HYAL1, ID2, INHBA, INO80, JADE1, KANK2, KIF14, KLF4, KMT2E, LSM10, LSM11, MBLAC1, MDM2, MNAT1, MUC1, NACC2, PIDD1, PKD1, PKD2, PLK5, POLR1B, PPP2CA, PRAP1, PRKD2, PRKDC, PROC, PTEN, PTPN6, RFWD3, RGCC, RPA2, RPL26, RPS27L, RPTOR, RRM1, RRM2, SASS6, SDE2, SLFN11, SPAM1, STIL, STOX1, TFDP1, TFDP3, TM4SF5, TMEM14B, TP53, UBE2E2, WAC, ZNF655]","[APPL2, CDKN1B, CDKN2C, KANK2]","","","","","","","","","[Group5]","[6, 7, 8]","{Group5=3.370375500261718E-4}","{Group5=0.0023592628501832025}","GO:2000045","","regulation%20of%20G1/S%20transition%20of%20mitotic%20cell%20cycle","4","GO_BiologicalProcess-EBI-UniProt-GOA-ACAP-ARAP_25.05.2022_00h00","FALSE","false","regulation%20of%20G1/S%20transition%20of%20mitotic%20cell%20cycle","regulation of G1/S transition of mitotic cell cycle","0.00544655172297167","0.038125862060801693","","GO:2000045"
